enterprise_id,revenue,debt_ratio,liquidity,legal_cases,credit_score,bankrupt
E00001,6931844,0.82,0.96,3,644,1
E00002,5164109,0.76,1.5,2,814,1
E00003,4025209,0.65,1.5,2,764,0
E00004,5807641,0.54,0.93,2,722,0
E00005,2817219,0.22,1.19,2,800,0
E00006,3365997,0.34,0.79,4,835,0
E00007,8019542,0.48,0.82,1,736,0
E00008,5804068,0.64,0.53,1,512,0
E00009,4304946,0.56,1.85,0,838,0
E00010,6658277,0.36,0.82,6,767,0
E00011,7573949,0.11,0.84,0,765,0
E00012,4110724,0.55,0.92,3,515,0
E00013,4145184,0.36,0.69,1,591,0
E00014,3894708,0.76,1.46,1,747,0
E00015,6927700,0.12,0.61,0,518,0
E00016,6947114,0.63,0.7,1,602,0
E00017,7771806,0.95,1.47,1,594,0
E00018,7017205,0.26,1.01,1,782,0
E00019,1735563,0.52,1.56,2,712,0
E00020,5561928,0.18,1.34,3,536,0
E00021,2883229,0.66,0.88,0,560,0
E00022,3974171,0.6,1.48,2,790,0
E00023,5341188,0.47,0.67,2,802,0
E00024,6671130,0.57,1.3,2,743,0
E00025,3218313,0.91,1.16,1,810,0
E00026,350560,0.28,0.9,1,843,0
E00027,5361061,0.12,1.41,0,505,1
E00028,10287143,0.88,1.81,3,805,0
E00029,4594307,0.62,2.0,1,664,0
E00030,5093830,0.9,1.41,1,512,0
E00031,8564327,0.64,1.11,4,524,0
E00032,6180549,0.83,0.84,2,723,0
E00033,5433722,0.49,0.89,6,622,0
E00034,5884233,0.77,1.22,1,628,0
E00035,5500487,0.92,1.05,1,804,0
E00036,2720491,0.61,1.87,2,621,0
E00037,2317109,0.26,1.05,2,534,0
E00038,8773656,0.34,1.06,1,582,1
E00039,5367766,0.28,1.08,2,808,0
E00040,5200190,0.32,1.75,3,681,0
E00041,4819544,0.38,1.48,2,575,0
E00042,6562146,0.6,1.42,0,603,0
E00043,10077382,0.63,1.0,1,731,0
E00044,6047905,0.48,1.73,1,802,0
E00045,3823826,0.65,0.56,1,542,0
E00046,4733198,0.17,1.81,0,592,0
E00047,7141992,0.18,1.27,1,643,0
E00048,3834398,0.25,1.1,2,753,0
E00049,6704492,0.57,1.25,1,577,0
E00050,358525,0.29,1.5,1,762,0
E00051,4540240,0.35,0.52,1,569,0
E00052,6256280,0.46,1.81,2,648,0
E00053,7540251,0.83,1.17,0,791,0
E00054,3363051,0.11,1.01,0,713,0
E00055,1994469,0.68,0.71,0,809,0
E00056,4478529,0.7,1.16,2,646,0
E00057,2749161,0.82,1.24,1,524,0
E00058,4701926,0.94,1.11,2,822,1
E00059,4986693,0.12,1.52,0,608,0
E00060,2361709,0.24,1.13,1,680,0
E00061,6608878,0.9,1.94,2,750,1
E00062,4685572,0.51,1.4,3,702,0
E00063,7160919,0.61,1.71,3,803,0
E00064,1310189,0.7,0.66,2,669,0
E00065,2965615,0.71,1.1,0,674,0
E00066,6033338,0.94,1.01,1,846,0
E00067,3401778,1.0,1.35,3,669,0
E00068,4670928,0.75,1.79,2,501,0
E00069,5001398,0.36,0.62,0,633,0
E00070,5316511,0.89,0.61,2,626,0
E00071,3644867,0.14,1.78,4,545,0
E00072,5298573,0.31,0.82,3,693,0
E00073,3434912,0.91,1.5,1,708,1
E00074,6348560,0.33,1.31,3,795,0
E00075,4770311,0.3,1.75,0,557,0
E00076,5310073,0.22,0.69,3,577,0
E00077,10139853,0.87,0.69,1,701,0
E00078,2785791,0.55,1.34,1,788,0
E00079,7777164,0.71,1.92,4,561,0
E00080,100000,0.32,1.12,2,767,0
E00081,843246,0.78,0.99,5,625,1
E00082,2518719,0.78,1.41,3,548,1
E00083,2644943,0.38,1.9,2,587,0
E00084,5407403,0.47,1.76,0,833,0
E00085,5579684,0.29,1.99,2,760,0
E00086,4490357,0.98,0.53,2,678,0
E00087,4700244,0.68,0.67,1,568,0
E00088,6055529,0.94,1.41,3,559,1
E00089,6666447,0.37,1.73,1,801,0
E00090,2346921,0.8,0.93,0,748,1
E00091,4276218,0.79,0.86,3,668,1
E00092,4860820,0.72,1.68,4,768,0
E00093,5970631,0.97,0.58,1,611,1
E00094,3454665,0.45,1.05,1,599,0
E00095,4821557,0.22,1.26,3,714,0
E00096,5059967,0.7,1.34,0,612,1
E00097,3591059,0.76,1.59,1,596,0
E00098,3543369,0.62,1.03,5,806,0
E00099,5197491,0.29,1.42,0,617,0
E00100,4739309,0.55,1.38,2,535,0
E00101,6000955,0.38,1.32,0,836,0
E00102,2893482,0.48,1.46,1,789,0
E00103,4298636,0.68,0.89,4,803,0
E00104,4541567,0.77,0.63,4,846,0
E00105,6627727,0.31,0.68,0,623,0
E00106,3119172,0.46,0.84,7,539,1
E00107,5469304,0.34,1.25,2,640,0
E00108,5505511,0.28,1.76,2,525,0
E00109,8292794,0.81,1.55,1,641,1
E00110,2985821,0.92,1.68,3,835,0
E00111,3685533,0.43,1.03,0,556,0
E00112,3125288,0.78,1.11,1,649,1
E00113,1660441,0.91,1.09,0,704,0
E00114,8529373,0.86,0.79,1,575,0
E00115,2516997,0.26,0.59,0,784,0
E00116,3367389,0.96,1.39,0,709,0
E00117,7631533,0.44,1.98,0,757,0
E00118,1493785,0.41,0.75,3,758,0
E00119,6512703,0.16,0.57,1,683,0
E00120,2173951,0.54,1.67,2,827,0
E00121,7493389,0.2,0.88,1,510,0
E00122,660244,0.32,1.74,1,659,0
E00123,1493061,0.39,1.56,1,759,0
E00124,3910155,0.83,1.92,1,587,0
E00125,6943645,0.89,1.11,1,683,0
E00126,4938083,0.37,1.49,5,515,0
E00127,4328569,0.87,1.2,0,743,0
E00128,7692088,0.87,1.45,1,585,1
E00129,9310479,0.79,1.17,1,698,0
E00130,6344514,0.23,0.78,2,509,0
E00131,3754290,0.72,1.26,1,663,0
E00132,4163713,0.95,1.29,1,523,0
E00133,2423105,0.71,1.72,3,563,1
E00134,5201634,0.4,1.6,1,811,0
E00135,1740814,0.55,1.5,0,737,0
E00136,6103727,0.68,0.67,1,844,0
E00137,9011148,0.56,1.58,1,737,0
E00138,6435183,0.21,1.25,3,521,0
E00139,4061704,0.38,1.84,1,679,0
E00140,6053874,0.82,1.88,2,805,0
E00141,8241066,0.88,0.58,2,546,1
E00142,8140989,0.22,1.73,0,778,0
E00143,2992484,0.96,0.56,2,723,0
E00144,6020592,0.4,1.05,0,717,0
E00145,4683797,0.7,1.31,0,736,0
E00146,6613186,0.78,0.72,1,703,1
E00147,5767227,0.83,1.62,2,838,0
E00148,260557,0.95,0.51,3,518,1
E00149,4303973,0.38,0.75,2,679,1
E00150,5397116,0.87,1.37,1,661,0
E00151,2131270,0.22,1.57,1,784,0
E00152,6162044,0.73,1.87,2,560,0
E00153,1951969,0.77,1.56,0,584,0
E00154,3403121,0.71,1.51,2,534,0
E00155,7682623,0.33,1.09,3,504,0
E00156,3232444,0.89,0.5,2,575,0
E00157,6147933,0.25,0.68,2,752,0
E00158,1492852,0.15,1.3,0,506,0
E00159,9162629,0.75,1.51,0,668,0
E00160,4390892,0.53,1.13,2,629,0
E00161,5190641,0.86,1.6,0,637,1
E00162,5358073,0.45,1.28,5,799,0
E00163,6215133,0.25,0.61,0,825,1
E00164,1961640,0.85,0.79,0,590,1
E00165,4989327,0.59,1.76,2,662,0
E00166,3682462,0.27,1.59,2,817,0
E00167,1620885,0.75,1.84,0,752,1
E00168,6974244,0.56,0.68,1,700,0
E00169,4295654,0.64,1.99,2,519,0
E00170,5485040,0.51,0.81,2,728,0
E00171,5359690,0.85,0.52,2,662,0
E00172,4330295,0.85,2.0,1,664,0
E00173,8950054,0.74,0.92,4,731,0
E00174,4905470,0.19,1.5,4,827,0
E00175,1884095,0.85,0.77,0,737,0
E00176,4199237,0.7,1.37,1,619,0
E00177,5999475,0.73,1.86,0,606,0
E00178,6065190,0.43,0.98,1,749,0
E00179,2824438,0.89,1.51,2,835,0
E00180,6858965,0.75,0.78,3,783,1
E00181,1474266,0.2,1.44,0,697,0
E00182,7288270,0.47,1.0,1,719,0
E00183,2361304,0.9,0.82,4,650,0
E00184,4547509,0.14,0.97,2,785,0
E00185,7129137,0.97,0.77,2,764,0
E00186,5239211,0.71,1.85,4,719,0
E00187,6633397,0.67,1.1,1,715,0
E00188,6237323,0.34,0.87,2,814,0
E00189,7572537,0.32,1.17,2,655,0
E00190,7124419,0.95,0.98,3,715,1
E00191,4092511,0.37,1.62,0,834,0
E00192,6265883,0.8,1.96,1,613,0
E00193,1946896,0.45,1.16,1,660,0
E00194,4884190,0.23,1.79,2,802,0
E00195,6636969,0.11,1.35,0,597,0
E00196,5267695,0.59,0.74,2,656,1
E00197,5893279,0.98,1.54,2,661,1
E00198,4573455,0.43,1.27,1,541,0
E00199,7258138,0.42,1.48,2,679,0
E00200,4839168,0.41,1.83,2,802,0
E00201,4069099,0.57,1.16,1,829,0
E00202,6773034,0.5,1.85,2,550,0
E00203,2189680,0.89,1.63,1,751,1
E00204,6002066,0.55,1.23,2,849,0
E00205,2915030,0.56,1.4,0,619,0
E00206,7555853,0.22,0.99,0,574,0
E00207,4477945,0.98,1.98,0,661,0
E00208,5269969,0.32,1.5,0,648,0
E00209,5825140,0.17,0.57,1,622,0
E00210,1140630,0.7,0.99,3,640,0
E00211,3698830,0.64,1.43,1,681,0
E00212,7087091,0.47,0.58,2,776,1
E00213,6735530,0.48,0.54,0,756,1
E00214,5566064,0.81,1.18,1,824,0
E00215,2301072,0.28,1.0,2,744,0
E00216,6171006,0.84,1.16,0,585,1
E00217,6426799,0.68,0.89,2,570,1
E00218,5094034,0.48,0.75,2,768,0
E00219,7446341,0.51,1.53,0,679,0
E00220,3633136,0.33,1.27,1,778,0
E00221,3980284,0.78,0.8,2,648,0
E00222,100000,0.56,0.98,3,505,0
E00223,6839655,0.39,1.39,2,647,0
E00224,5627723,0.64,0.61,1,831,0
E00225,1636359,1.0,0.72,0,667,0
E00226,1482802,0.49,0.61,0,508,0
E00227,3254738,0.93,1.72,2,677,0
E00228,6587315,0.41,1.63,1,783,0
E00229,4399279,0.15,1.63,1,615,0
E00230,3390426,0.28,1.57,1,595,0
E00231,2987768,0.48,1.5,1,830,0
E00232,2898176,0.3,1.22,1,843,0
E00233,1132643,0.1,1.46,0,555,1
E00234,2585208,0.92,0.56,3,706,1
E00235,2858843,0.86,1.43,2,604,1
E00236,6365246,0.77,1.67,2,534,0
E00237,4668553,0.25,1.25,1,708,0
E00238,3348830,0.21,1.04,0,780,0
E00239,9619445,0.16,0.92,2,646,1
E00240,3672206,0.75,1.46,2,786,0
E00241,7334205,0.94,1.54,2,580,1
E00242,8242217,0.49,1.81,3,549,0
E00243,1860079,0.21,1.01,3,586,0
E00244,5147925,0.56,1.65,1,690,0
E00245,3964932,0.41,1.34,0,802,0
E00246,3802151,0.44,1.82,0,500,0
E00247,6110753,0.66,1.29,4,637,0
E00248,3754259,0.75,1.28,2,635,1
E00249,4008061,0.2,1.37,2,653,0
E00250,4663770,0.13,1.62,2,661,0
E00251,4253201,0.99,1.95,1,518,1
E00252,2652859,0.31,0.61,0,827,1
E00253,6591813,0.15,0.58,4,742,0
E00254,7097061,0.27,1.91,3,628,0
E00255,5687237,0.14,1.29,4,675,0
E00256,4246894,0.45,1.42,2,779,0
E00257,3589578,0.82,1.22,2,583,0
E00258,3592759,0.41,0.64,1,721,0
E00259,9714752,0.5,1.65,2,824,0
E00260,6875676,0.71,1.62,1,644,0
E00261,3319779,0.56,0.97,4,605,0
E00262,5329395,0.88,0.96,2,824,1
E00263,4274929,0.88,1.76,4,510,0
E00264,6167600,0.11,0.61,1,665,0
E00265,6086998,0.8,1.82,1,695,1
E00266,7167219,0.51,0.88,0,730,0
E00267,3298887,0.99,1.39,0,646,0
E00268,5209470,0.53,1.9,0,737,0
E00269,1502906,0.99,1.52,3,512,0
E00270,2485319,0.78,1.12,2,718,0
E00271,6768201,0.32,1.53,2,756,0
E00272,3098632,0.58,1.02,2,501,0
E00273,3318182,0.99,0.92,0,709,1
E00274,4983443,0.87,2.0,0,724,0
E00275,6389522,0.19,1.63,1,693,0
E00276,2878346,0.74,1.47,1,695,0
E00277,100000,0.41,1.03,2,759,0
E00278,3259553,0.11,0.57,1,556,0
E00279,7411256,0.46,0.55,1,612,0
E00280,5686270,0.31,1.33,0,712,0
E00281,7647749,0.84,1.64,3,778,0
E00282,2736367,0.4,1.31,2,743,0
E00283,1721207,0.84,1.76,3,616,0
E00284,5925097,0.1,0.55,2,586,0
E00285,5480045,0.38,1.05,1,762,0
E00286,5611108,0.32,0.86,1,799,0
E00287,6865993,0.31,1.17,3,612,0
E00288,5843369,0.16,0.61,3,663,0
E00289,5811235,0.27,1.93,0,503,1
E00290,6430014,0.6,0.83,2,617,0
E00291,6004833,0.36,1.88,2,522,0
E00292,6714891,0.48,1.14,0,732,0
E00293,7017041,0.44,1.98,2,589,0
E00294,8063377,0.89,1.33,3,754,0
E00295,3701617,0.91,1.9,1,591,0
E00296,5961124,0.54,0.51,2,654,0
E00297,4259353,0.4,1.62,3,806,0
E00298,3332882,0.2,1.85,2,614,0
E00299,3620919,0.96,0.71,1,706,0
E00300,5989911,0.15,0.64,1,580,0
E00301,5836505,0.37,1.14,2,602,0
E00302,5800824,0.37,1.9,3,579,0
E00303,4548572,0.39,1.31,1,602,0
E00304,5006829,0.25,1.29,2,739,0
E00305,6635505,0.8,0.71,2,764,0
E00306,2021213,0.21,0.5,2,532,0
E00307,5049284,0.67,1.72,3,534,0
E00308,5179912,0.21,0.63,2,748,0
E00309,6506608,0.16,1.45,2,549,0
E00310,2299503,0.92,1.87,1,779,0
E00311,7990267,0.27,0.81,0,741,0
E00312,5427260,0.84,1.5,0,651,0
E00313,5533161,0.59,0.62,1,646,0
E00314,4197240,0.17,1.41,5,538,0
E00315,6076044,0.96,0.75,3,688,0
E00316,5095908,0.32,1.6,4,524,0
E00317,7417963,0.87,0.95,1,743,0
E00318,2117011,0.25,1.2,1,722,0
E00319,5351091,0.87,1.4,2,729,0
E00320,5817024,0.11,0.76,0,652,0
E00321,4627255,0.56,1.61,1,787,0
E00322,4190668,0.79,0.95,1,607,0
E00323,4274085,0.94,1.49,1,532,0
E00324,5349278,0.92,0.74,1,610,0
E00325,1380082,0.84,1.53,2,620,0
E00326,6930029,0.9,0.69,3,515,1
E00327,4039736,0.28,1.14,0,726,0
E00328,5255605,0.36,0.87,1,510,0
E00329,5734204,0.36,1.62,2,702,0
E00330,3948389,0.44,0.89,1,701,0
E00331,4737923,0.45,1.82,2,597,0
E00332,929519,0.59,1.84,1,615,0
E00333,6464247,0.24,0.79,3,780,0
E00334,7160138,0.72,1.42,3,848,0
E00335,1598012,0.25,0.63,2,731,0
E00336,4187014,0.38,1.09,0,610,0
E00337,2540261,0.55,1.57,1,511,0
E00338,4644519,0.82,1.49,3,520,1
E00339,6297272,0.77,1.44,1,626,0
E00340,6974617,0.68,0.92,1,784,0
E00341,7243706,0.24,1.07,1,620,0
E00342,7621087,0.59,0.65,2,623,0
E00343,4555174,0.18,1.58,2,532,0
E00344,2706082,0.44,1.26,3,669,0
E00345,4770819,0.47,1.56,1,576,0
E00346,6266535,0.14,0.87,2,796,0
E00347,2545480,0.35,0.99,1,829,0
E00348,8320273,0.96,1.0,2,562,0
E00349,6795777,0.96,0.54,2,769,1
E00350,4586865,0.42,1.01,2,715,0
E00351,3578256,0.14,1.7,0,689,0
E00352,3661757,0.26,1.85,1,574,0
E00353,5148412,0.45,1.28,0,673,0
E00354,4541194,0.95,1.18,1,566,0
E00355,6901005,0.23,0.55,3,592,0
E00356,4314048,0.79,1.82,2,552,1
E00357,6011003,0.2,0.52,1,593,1
E00358,4942150,0.98,1.92,2,612,0
E00359,5539338,0.44,1.23,2,728,0
E00360,4539887,0.8,1.01,2,749,0
E00361,6415431,0.41,1.89,0,708,0
E00362,6445080,0.66,0.54,1,681,0
E00363,5919858,0.27,1.37,1,766,0
E00364,6215028,0.23,1.32,1,780,0
E00365,3111262,0.94,0.83,1,654,1
E00366,5646491,0.93,1.14,0,582,0
E00367,7498403,0.9,1.48,0,685,0
E00368,5982809,0.66,1.59,1,848,0
E00369,2938564,0.83,0.5,1,638,1
E00370,4900466,0.16,1.91,0,554,0
E00371,5749955,0.4,0.75,3,518,0
E00372,3485200,0.38,0.85,2,847,0
E00373,2283457,0.67,0.9,2,845,0
E00374,4367804,0.42,0.56,1,766,0
E00375,3518335,0.23,0.68,0,641,0
E00376,4971421,0.64,1.98,2,815,0
E00377,1817190,0.83,0.97,0,663,1
E00378,6129402,0.44,0.67,1,751,0
E00379,3730789,0.22,0.66,1,731,0
E00380,6991504,0.28,1.58,2,796,0
E00381,4446202,0.31,1.78,1,559,0
E00382,4949221,0.37,0.89,0,521,0
E00383,4653930,0.68,0.53,2,625,0
E00384,3623680,0.64,0.83,0,602,0
E00385,9944558,0.73,0.58,2,720,0
E00386,4008267,0.43,0.66,2,609,0
E00387,7047043,0.84,1.15,0,557,1
E00388,2812742,0.28,0.84,2,564,1
E00389,5744262,0.52,1.27,1,557,0
E00390,5957744,0.82,0.88,1,657,0
E00391,4951646,0.26,1.91,0,575,0
E00392,3857990,0.2,1.86,4,518,0
E00393,4473356,0.9,1.35,2,689,0
E00394,4193420,0.41,1.03,3,749,0
E00395,9804052,0.72,1.07,2,578,0
E00396,4954793,0.12,1.12,3,583,0
E00397,6049777,0.72,1.59,2,671,0
E00398,8563250,0.38,1.18,0,711,0
E00399,3247362,0.15,1.79,2,648,0
E00400,5075320,0.65,1.92,1,509,0
E00401,4461627,0.32,1.0,1,529,0
E00402,4827723,0.45,1.34,3,779,0
E00403,4641976,0.17,0.64,0,554,0
E00404,3536245,0.23,0.8,3,626,0
E00405,5390820,0.37,1.12,2,679,0
E00406,2874734,0.18,0.81,1,731,0
E00407,6977765,0.92,1.81,2,592,0
E00408,6246619,0.11,0.74,2,507,0
E00409,4013074,0.54,1.18,2,746,0
E00410,4110033,0.21,1.41,0,830,0
E00411,5551021,0.38,1.54,1,695,0
E00412,3402909,0.93,1.07,0,662,0
E00413,8623960,0.25,1.8,1,539,0
E00414,5715851,0.97,1.35,3,753,0
E00415,5786526,0.29,1.16,1,584,0
E00416,6362890,0.77,0.6,3,771,0
E00417,3841073,0.59,1.2,0,577,0
E00418,7178019,0.9,1.73,1,712,0
E00419,5229066,0.6,1.42,1,803,0
E00420,6900290,0.58,1.75,4,754,0
E00421,4604093,0.28,1.24,4,590,0
E00422,7634556,0.25,0.68,1,692,0
E00423,5802687,0.92,0.52,1,752,0
E00424,9365014,0.4,0.95,3,777,0
E00425,4260956,0.43,1.55,1,642,0
E00426,5409098,0.78,1.69,1,743,1
E00427,2936847,0.4,0.94,2,711,0
E00428,3941403,0.96,1.24,1,694,0
E00429,6237373,0.76,1.13,2,769,0
E00430,7258648,0.64,1.12,0,828,0
E00431,10930020,0.89,0.85,1,518,1
E00432,4806742,0.14,0.7,1,539,1
E00433,3133573,0.33,0.8,0,597,0
E00434,6506651,0.52,0.58,1,503,0
E00435,2744345,0.3,0.8,1,532,0
E00436,6128554,0.77,0.51,0,798,0
E00437,3995488,0.93,1.44,3,664,0
E00438,5423189,0.48,0.97,2,526,0
E00439,7182092,0.41,1.96,2,672,0
E00440,4778533,0.97,0.79,2,836,0
E00441,6865758,0.5,1.02,1,612,0
E00442,6746317,0.54,1.04,2,594,0
E00443,1271336,0.42,0.51,2,818,0
E00444,3196798,0.92,1.76,3,732,0
E00445,1876386,0.61,0.55,1,633,0
E00446,9003474,0.79,1.91,3,623,0
E00447,4789216,0.83,1.84,1,822,0
E00448,8561658,0.41,1.3,2,615,0
E00449,1734095,0.49,1.32,1,512,0
E00450,3854463,0.86,1.48,0,819,0
E00451,6600996,0.43,1.08,2,664,0
E00452,5358549,0.81,1.47,2,707,0
E00453,6065719,0.95,0.57,0,584,1
E00454,2492383,0.66,0.58,3,747,0
E00455,7753606,0.77,1.19,0,555,0
E00456,6554032,0.82,1.32,0,671,1
E00457,5803251,0.86,1.83,2,640,0
E00458,3628779,0.46,0.66,4,631,0
E00459,5647600,0.15,1.73,1,700,0
E00460,4417020,0.46,0.82,3,788,0
E00461,1699017,0.71,1.09,3,808,0
E00462,4899154,0.51,0.97,2,844,0
E00463,4686539,0.77,1.1,1,678,0
E00464,7124803,0.42,0.73,3,528,0
E00465,531147,0.67,1.26,4,806,0
E00466,5470399,0.27,1.7,2,805,0
E00467,2688863,0.77,1.16,2,535,0
E00468,5638446,0.59,1.24,3,608,0
E00469,5748560,0.28,1.77,0,815,0
E00470,4826310,0.36,1.56,1,645,0
E00471,6614586,0.77,1.24,1,775,0
E00472,2508467,0.53,0.89,1,645,0
E00473,7215440,0.29,1.83,2,667,0
E00474,3583842,0.97,1.37,4,756,0
E00475,1888202,0.74,0.83,2,774,0
E00476,4455208,0.96,0.9,2,586,0
E00477,809684,0.48,1.7,0,653,0
E00478,5508347,0.53,0.57,4,784,0
E00479,4481499,0.91,1.99,2,814,0
E00480,7467373,0.57,0.7,1,818,0
E00481,6297848,0.74,1.69,0,597,1
E00482,2216007,0.33,1.09,2,710,0
E00483,3323225,0.5,1.24,4,547,0
E00484,6041328,0.21,1.82,0,817,0
E00485,6694158,0.29,1.12,0,773,0
E00486,7445001,0.1,1.31,2,693,0
E00487,7429018,0.14,0.57,0,751,0
E00488,4820954,0.98,0.5,1,782,0
E00489,5725311,0.32,0.87,2,761,1
E00490,7597477,0.7,1.52,1,761,0
E00491,4393383,0.86,0.68,1,530,1
E00492,5759452,0.6,0.67,0,604,0
E00493,4346238,0.24,1.12,0,849,0
E00494,3898103,0.76,1.47,0,811,0
E00495,5096770,0.64,1.57,0,668,0
E00496,3624913,0.76,0.77,2,735,0
E00497,4738168,0.79,0.62,5,773,0
E00498,2930090,0.98,1.91,2,842,0
E00499,4620011,0.62,0.89,1,729,0
E00500,5896780,0.41,1.78,4,522,0
E00501,3822472,0.68,1.8,0,663,0
E00502,5018583,0.16,1.66,1,780,0
E00503,5278685,0.91,0.75,0,506,1
E00504,5905069,0.21,1.73,2,709,0
E00505,4732840,0.4,1.65,0,752,0
E00506,7171732,0.83,1.4,0,632,0
E00507,798162,0.64,1.01,4,773,0
E00508,10875505,0.45,0.89,3,605,1
E00509,3257732,0.53,0.68,2,731,0
E00510,5806780,0.87,1.26,3,532,0
E00511,3123064,0.41,1.38,1,578,0
E00512,6288536,0.88,1.04,1,534,0
E00513,5553138,0.18,1.21,0,609,0
E00514,3698572,0.8,1.05,0,820,0
E00515,7146174,0.86,1.46,1,562,0
E00516,4672078,0.26,1.85,1,827,0
E00517,6094431,0.49,0.75,0,796,0
E00518,3165680,0.25,1.07,1,677,0
E00519,4938224,0.74,0.71,2,731,0
E00520,9006814,0.58,1.44,0,603,0
E00521,6925931,0.67,1.59,2,793,0
E00522,5615241,0.28,1.9,1,534,0
E00523,4102158,0.29,0.92,2,693,0
E00524,5134997,0.14,1.93,1,673,0
E00525,5395131,0.39,0.59,2,601,1
E00526,5898456,0.6,1.4,0,823,0
E00527,2846678,0.87,0.59,1,792,1
E00528,6336815,0.7,1.84,1,584,1
E00529,2820813,0.49,1.29,4,700,0
E00530,8262251,0.96,1.5,1,672,0
E00531,3456743,0.75,1.75,2,528,1
E00532,5593256,0.94,0.73,1,796,0
E00533,7010285,0.57,0.56,1,555,1
E00534,4495239,0.33,1.82,1,515,0
E00535,5681200,0.15,0.97,3,639,1
E00536,7870363,0.75,0.69,1,565,1
E00537,6128805,0.21,1.2,1,646,0
E00538,5711101,0.37,1.4,0,657,0
E00539,1630429,0.58,0.55,1,568,0
E00540,3132555,0.61,0.91,1,522,1
E00541,7093840,0.64,0.55,2,689,0
E00542,6139900,0.25,1.13,2,747,0
E00543,6442932,0.44,1.84,1,808,0
E00544,6270793,0.66,1.97,3,644,0
E00545,7579513,0.97,1.46,0,804,0
E00546,4477200,0.75,0.74,0,676,0
E00547,5240999,0.93,1.86,1,694,0
E00548,2942651,0.79,1.27,3,512,1
E00549,2443954,0.63,0.73,1,665,0
E00550,1712518,0.27,1.88,4,649,0
E00551,3229673,0.7,1.64,0,840,0
E00552,8105123,0.66,1.6,1,544,0
E00553,1894545,0.64,1.56,2,673,0
E00554,4392928,0.54,0.8,0,666,1
E00555,2413709,0.58,0.82,0,696,0
E00556,3798052,0.4,1.53,0,705,0
E00557,5339387,0.57,0.83,0,581,0
E00558,3599768,0.28,1.16,0,567,0
E00559,7179329,0.82,1.67,1,596,1
E00560,8067956,0.27,1.68,2,666,0
E00561,501808,0.18,1.18,3,576,0
E00562,3634015,0.49,1.69,3,736,0
E00563,5118284,0.69,1.76,3,695,0
E00564,7252234,0.49,1.48,2,790,0
E00565,4091511,0.35,0.84,1,635,0
E00566,4960129,0.6,0.91,2,807,0
E00567,2686511,0.41,0.97,1,795,0
E00568,1934408,0.94,0.68,1,535,0
E00569,7890769,0.93,0.91,1,747,1
E00570,1351860,0.55,0.81,2,753,0
E00571,9657238,0.4,1.18,1,713,0
E00572,6450302,0.76,1.86,0,751,1
E00573,6359946,0.13,0.66,0,569,0
E00574,6150937,0.53,1.58,2,733,0
E00575,4494628,0.4,1.53,0,828,0
E00576,5784169,0.93,0.64,1,515,0
E00577,4622206,0.11,1.88,1,673,0
E00578,6106146,0.6,1.35,2,686,0
E00579,4932626,0.77,1.05,3,793,0
E00580,3099303,0.54,1.63,1,724,0
E00581,3258854,0.18,0.89,1,773,0
E00582,3031455,0.98,1.54,0,511,1
E00583,6941801,0.57,0.56,4,809,0
E00584,3765106,0.65,1.76,0,718,0
E00585,1175793,0.31,1.17,2,500,0
E00586,5793677,0.54,1.46,0,610,0
E00587,8029035,0.49,0.83,0,776,0
E00588,6546166,0.17,1.52,4,628,0
E00589,3793352,0.2,1.66,4,592,0
E00590,1826376,0.85,1.21,4,538,0
E00591,4731463,0.32,1.43,1,815,0
E00592,4681552,0.28,1.18,3,658,0
E00593,3061600,0.55,1.84,3,685,0
E00594,6102074,0.79,1.25,0,755,0
E00595,8693253,0.16,1.76,0,738,0
E00596,5444565,0.62,1.7,3,603,0
E00597,5320952,0.21,1.12,1,528,0
E00598,3125543,0.13,0.85,4,588,1
E00599,7794829,0.15,1.11,2,550,0
E00600,4849711,0.85,1.74,0,646,1
E00601,3842073,0.21,0.84,0,813,0
E00602,5127376,0.14,1.29,1,535,0
E00603,5943922,0.49,1.71,1,783,0
E00604,5278430,0.86,1.03,1,600,0
E00605,7412306,0.34,1.46,1,606,0
E00606,5767943,0.48,0.87,0,844,0
E00607,4432116,0.14,0.66,1,790,0
E00608,5802384,0.5,1.69,1,848,0
E00609,5999274,0.62,0.65,2,604,1
E00610,2407248,0.61,0.91,0,720,0
E00611,7298839,0.4,1.78,3,575,0
E00612,4398191,0.38,1.02,3,726,0
E00613,4449353,0.2,1.96,0,583,0
E00614,6502751,0.43,1.97,2,575,1
E00615,6494330,0.19,0.9,5,748,0
E00616,3598336,0.79,0.56,2,754,0
E00617,6605803,0.97,1.56,0,549,0
E00618,3879103,0.97,1.18,3,709,0
E00619,8639146,0.88,0.65,0,657,0
E00620,3343612,0.64,1.56,1,827,0
E00621,5478954,0.73,0.55,2,732,1
E00622,3435964,0.36,1.81,0,576,1
E00623,9445391,0.67,0.71,1,722,1
E00624,2524358,0.51,0.69,2,620,0
E00625,6048725,0.53,0.76,1,809,0
E00626,3530179,0.78,1.94,0,826,0
E00627,4291784,0.35,1.54,1,840,0
E00628,5907075,0.39,1.7,3,606,0
E00629,7449168,0.93,1.1,3,740,0
E00630,8246793,0.15,1.0,0,527,0
E00631,1926104,0.54,0.85,5,691,0
E00632,5535502,0.92,1.22,4,748,0
E00633,7918987,0.65,1.33,2,712,0
E00634,1629378,0.59,1.45,0,520,1
E00635,5628766,0.32,0.89,1,654,0
E00636,4995832,0.41,1.92,0,526,0
E00637,5829083,0.87,0.75,1,576,0
E00638,3455391,0.6,1.95,1,805,0
E00639,2128762,0.56,0.52,3,556,0
E00640,1173787,0.19,1.22,1,618,0
E00641,6952767,0.11,1.0,0,664,0
E00642,7208098,0.97,1.17,1,563,0
E00643,5605370,0.44,1.36,2,547,0
E00644,3931703,0.64,1.15,0,649,0
E00645,1753908,0.17,1.12,2,657,0
E00646,6126690,0.71,1.6,0,655,0
E00647,2798441,0.94,1.53,1,650,0
E00648,3577402,0.62,1.75,1,724,0
E00649,3826871,0.21,0.87,3,759,0
E00650,4604929,0.62,1.41,1,755,0
E00651,3481919,0.79,1.38,1,560,0
E00652,5066917,0.47,1.05,2,759,0
E00653,3756363,0.89,1.23,4,820,0
E00654,6402746,0.68,0.97,2,661,0
E00655,7062125,0.91,0.71,1,848,0
E00656,5217085,0.66,0.82,1,530,1
E00657,5925252,0.22,0.66,0,570,1
E00658,9235711,0.38,1.52,2,501,0
E00659,2654793,0.28,1.49,2,549,0
E00660,2533063,0.92,1.93,2,634,0
E00661,6389995,0.78,1.59,1,645,0
E00662,8893085,0.71,0.58,2,678,0
E00663,4479002,0.37,1.83,2,763,0
E00664,8453667,0.27,1.79,2,810,0
E00665,5192867,0.78,1.16,1,703,0
E00666,3638225,0.53,1.38,3,798,0
E00667,3018615,0.3,1.96,3,686,0
E00668,6258827,0.65,1.3,1,529,1
E00669,3170081,0.14,1.86,3,558,1
E00670,5162553,0.39,0.62,2,508,0
E00671,8166930,0.52,0.79,4,823,0
E00672,4386439,0.23,1.16,2,666,0
E00673,7628018,0.99,1.38,3,836,0
E00674,2570913,0.29,1.72,1,778,0
E00675,3932181,0.22,1.98,3,690,0
E00676,2185711,0.28,1.08,1,741,0
E00677,5145993,0.79,0.57,3,777,1
E00678,6560156,0.48,1.7,0,653,0
E00679,5150374,0.61,1.41,0,659,0
E00680,7454100,0.12,0.8,1,764,0
E00681,3501641,0.13,1.24,2,734,0
E00682,5450685,0.5,1.61,1,845,0
E00683,3945061,0.83,1.66,0,698,0
E00684,5723353,0.9,1.25,2,532,0
E00685,6007472,0.18,0.96,0,588,0
E00686,6164791,0.58,1.96,3,594,0
E00687,2858811,0.92,1.5,2,720,1
E00688,3220507,0.45,1.11,2,568,0
E00689,3591424,0.85,0.92,1,793,0
E00690,4522238,0.22,1.6,0,736,0
E00691,5174372,0.94,0.86,0,659,0
E00692,6416178,0.78,0.76,1,819,0
E00693,3303802,0.95,1.29,2,827,0
E00694,1797961,0.71,0.93,4,775,0
E00695,9311486,0.43,1.44,3,789,0
E00696,2737093,0.94,0.68,3,541,1
E00697,6672647,0.35,1.48,2,565,0
E00698,5062533,0.4,0.92,1,520,0
E00699,5502611,0.73,0.5,0,834,0
E00700,4996898,0.79,0.69,2,569,0
E00701,4230316,0.94,1.9,0,760,1
E00702,5927944,0.28,1.8,4,745,0
E00703,4122825,0.82,0.85,2,822,0
E00704,7332605,0.76,1.67,0,734,1
E00705,6136882,0.16,1.41,0,771,0
E00706,6199188,0.45,1.96,1,598,0
E00707,3985753,0.35,1.06,1,828,0
E00708,4527290,0.37,1.52,2,534,1
E00709,2624174,0.98,0.6,0,838,1
E00710,4293967,0.68,1.09,0,670,0
E00711,2926848,0.75,1.95,1,609,0
E00712,7626137,0.98,1.31,2,794,0
E00713,5101071,0.44,0.93,1,509,0
E00714,5340994,0.82,0.68,3,701,0
E00715,4549706,0.49,1.56,1,756,0
E00716,5395157,0.88,1.47,1,761,0
E00717,9929755,0.26,1.06,3,680,0
E00718,4399719,0.95,1.93,2,565,1
E00719,3699173,0.3,0.53,2,793,0
E00720,6059386,0.39,0.96,1,660,0
E00721,100000,0.78,1.88,3,566,1
E00722,5127913,0.45,0.98,2,599,0
E00723,4256574,0.65,0.88,2,576,0
E00724,3015373,0.5,1.3,2,534,0
E00725,6015515,0.77,1.74,1,544,1
E00726,5107976,0.31,0.65,2,649,0
E00727,1395182,0.15,1.91,1,567,0
E00728,3706940,0.37,1.69,0,753,0
E00729,100000,0.53,0.77,2,516,0
E00730,5586538,0.25,1.57,1,760,0
E00731,5566598,0.42,1.08,4,712,0
E00732,3413436,0.46,1.1,2,812,0
E00733,6080225,0.15,1.67,1,755,0
E00734,2435002,0.62,1.94,0,715,0
E00735,3066965,0.9,0.69,0,785,1
E00736,5834380,0.24,1.13,2,506,0
E00737,3622666,0.64,1.22,1,698,0
E00738,4874686,0.7,1.06,1,590,0
E00739,3872701,0.48,1.04,2,646,0
E00740,4178137,0.73,0.58,0,649,0
E00741,4265551,0.47,1.53,4,551,1
E00742,3586486,0.55,1.15,1,742,0
E00743,5604899,0.11,0.79,0,718,0
E00744,3744143,0.72,1.72,2,505,0
E00745,5031373,0.7,1.7,0,608,0
E00746,3542536,0.13,1.23,0,565,0
E00747,1931402,0.43,0.95,0,509,0
E00748,6824870,0.98,1.46,0,701,0
E00749,5999053,0.48,0.93,4,781,0
E00750,9577364,0.55,0.85,2,713,0
E00751,2912054,0.92,1.6,4,567,0
E00752,4582079,0.75,0.56,1,746,0
E00753,4742985,0.62,0.64,2,826,0
E00754,6978738,0.82,0.51,1,549,0
E00755,3985784,0.88,0.73,0,516,0
E00756,2657916,0.51,0.6,1,510,0
E00757,7415618,0.53,1.99,2,808,0
E00758,4366699,0.45,0.93,2,805,0
E00759,6757287,0.97,0.72,2,623,0
E00760,6524396,0.73,0.86,1,724,0
E00761,4940219,0.17,1.9,1,743,0
E00762,4651372,0.88,1.28,2,817,0
E00763,4216870,0.53,1.05,0,831,0
E00764,4969613,0.16,1.81,0,845,0
E00765,6726200,0.59,1.09,1,528,0
E00766,3407119,0.48,1.0,2,784,0
E00767,5217691,0.89,0.81,3,558,0
E00768,2762737,0.28,1.07,2,642,0
E00769,3011787,0.84,0.98,1,825,0
E00770,4938122,0.6,1.52,2,799,0
E00771,1079683,0.15,0.93,1,725,0
E00772,9121117,0.97,1.37,3,663,0
E00773,2613880,0.56,0.6,1,583,0
E00774,4919822,0.36,0.79,0,812,0
E00775,7336435,0.52,1.11,1,616,0
E00776,3274189,0.87,1.91,0,819,1
E00777,394606,0.37,1.07,3,703,0
E00778,4110108,0.27,1.5,1,793,0
E00779,3250359,0.22,0.88,2,644,0
E00780,447252,0.37,0.69,1,526,0
E00781,5569779,0.8,0.59,4,516,0
E00782,5414187,0.52,0.96,0,562,0
E00783,7284652,0.3,0.74,0,766,0
E00784,2758355,0.25,0.76,2,563,0
E00785,1801727,0.4,1.64,1,538,0
E00786,4186553,0.95,0.52,2,629,1
E00787,4823314,0.41,1.34,1,614,0
E00788,6842699,0.99,1.07,1,544,0
E00789,7821136,0.54,1.26,0,715,0
E00790,7428958,0.26,1.34,2,587,0
E00791,5553087,0.9,0.97,1,835,0
E00792,6598998,0.51,0.94,0,676,0
E00793,3719013,0.74,1.6,2,764,0
E00794,5336790,0.99,1.81,2,604,0
E00795,2617419,0.15,0.79,1,833,0
E00796,5125370,0.19,0.65,1,800,0
E00797,5177293,0.75,1.85,2,670,0
E00798,8444257,0.35,1.02,1,607,0
E00799,4542034,0.27,1.33,1,660,0
E00800,5180085,0.14,1.04,2,782,0
E00801,5473922,0.12,0.69,0,539,1
E00802,4090359,0.8,1.38,3,525,0
E00803,3395014,0.22,1.29,2,582,0
E00804,7597622,0.52,0.8,1,672,0
E00805,3038165,0.65,1.18,3,672,0
E00806,2344163,0.49,1.7,5,781,0
E00807,6360530,0.12,1.39,1,569,0
E00808,7315629,0.81,0.65,1,822,0
E00809,4097180,0.11,1.32,2,505,0
E00810,4127893,0.79,1.55,2,783,0
E00811,5565087,0.9,1.69,0,694,0
E00812,3584294,0.49,1.44,0,512,0
E00813,3436574,0.58,0.73,4,562,0
E00814,6759185,0.53,1.57,1,512,0
E00815,6214262,0.45,1.52,0,748,0
E00816,7622317,0.9,0.54,0,704,0
E00817,2494821,0.9,1.12,2,752,1
E00818,3995075,0.4,1.0,2,539,0
E00819,5562359,0.65,1.5,3,664,0
E00820,3148758,0.93,0.82,1,530,0
E00821,6283374,0.97,1.39,2,516,0
E00822,7449254,0.56,1.87,2,636,0
E00823,3833284,0.51,1.7,2,819,0
E00824,5077183,0.35,1.88,0,812,0
E00825,7911237,0.96,1.97,1,664,0
E00826,8598543,0.23,0.52,2,780,0
E00827,6491602,0.62,1.43,0,722,0
E00828,6186858,0.35,1.12,0,621,0
E00829,3292526,0.35,1.79,3,577,0
E00830,5718418,0.46,0.88,2,812,0
E00831,6113641,1.0,1.97,2,826,1
E00832,4579259,0.15,1.42,1,587,1
E00833,3810447,0.62,1.69,1,612,0
E00834,2437404,0.17,0.63,0,599,0
E00835,1524540,0.24,0.78,3,802,0
E00836,1104232,0.5,1.64,1,738,0
E00837,6158885,0.56,0.53,0,845,0
E00838,5295398,0.33,1.73,3,610,0
E00839,4032377,0.38,0.52,1,589,0
E00840,4337087,0.18,1.49,2,638,0
E00841,5420941,0.37,1.05,1,634,0
E00842,4670873,0.97,1.42,0,511,0
E00843,2318893,0.95,1.54,2,743,1
E00844,6826000,0.4,1.01,0,681,0
E00845,5608252,0.61,0.66,1,694,0
E00846,5531796,0.92,0.6,1,621,0
E00847,6675125,0.11,1.38,1,552,1
E00848,3372709,0.83,1.28,1,672,0
E00849,7427462,0.95,1.61,1,678,0
E00850,4719914,0.18,1.26,0,792,0
E00851,6777197,0.25,1.13,5,558,0
E00852,6468898,0.96,1.1,0,553,1
E00853,2922396,0.58,0.54,0,756,0
E00854,6005800,0.11,1.0,3,744,0
E00855,5652549,0.33,1.96,1,648,0
E00856,5060623,0.5,1.81,3,783,0
E00857,4811256,0.72,0.99,2,515,0
E00858,4828213,0.76,1.38,2,675,0
E00859,6625378,1.0,1.77,1,527,0
E00860,6155821,0.36,1.16,2,628,0
E00861,5060957,0.58,0.53,0,722,0
E00862,2016127,0.58,0.61,1,743,0
E00863,5988886,0.47,1.27,0,737,0
E00864,6447227,0.25,1.95,1,731,0
E00865,9600820,0.98,1.54,0,825,0
E00866,7150866,0.87,0.61,1,591,0
E00867,1201647,0.55,0.78,1,502,1
E00868,5156858,0.64,1.66,3,580,0
E00869,8622750,0.3,1.76,0,543,0
E00870,6247097,0.59,1.43,0,654,0
E00871,5657304,0.73,1.47,2,523,0
E00872,6800457,0.56,0.54,1,598,0
E00873,3755243,0.99,1.74,4,670,0
E00874,5956179,0.65,1.68,0,647,0
E00875,4499063,0.43,0.89,1,622,0
E00876,4960753,0.79,1.56,2,611,1
E00877,6656909,0.25,0.82,4,629,0
E00878,3146573,0.45,0.56,3,567,0
E00879,7575964,0.41,0.8,1,846,0
E00880,4154376,0.49,0.77,1,815,0
E00881,5521325,0.8,1.01,2,716,0
E00882,2198984,0.54,1.13,0,595,0
E00883,6439674,0.81,1.26,1,644,1
E00884,7893007,0.62,1.22,0,532,0
E00885,3970716,0.41,0.91,1,785,0
E00886,2779553,0.83,0.54,0,504,0
E00887,5555966,0.31,1.41,4,617,0
E00888,7909621,0.3,1.09,1,639,0
E00889,2100286,0.55,0.95,5,729,0
E00890,2787383,0.33,1.8,1,659,0
E00891,4091620,0.11,1.62,0,793,0
E00892,3359312,0.68,1.79,2,748,0
E00893,3365629,0.56,1.24,1,772,0
E00894,811758,0.5,0.7,2,685,0
E00895,6178113,0.97,1.54,3,539,0
E00896,5677441,0.61,0.81,2,723,0
E00897,1602301,0.88,1.16,0,651,0
E00898,7914391,0.23,0.6,1,639,0
E00899,8362184,0.61,1.74,2,627,0
E00900,3498188,0.88,0.69,0,646,0
E00901,7333097,0.62,1.85,0,784,0
E00902,3854004,0.75,1.8,4,717,1
E00903,5362233,0.43,1.2,1,719,0
E00904,3328475,0.18,1.62,2,644,0
E00905,9428503,0.51,1.43,2,828,0
E00906,4407965,0.46,1.7,0,776,0
E00907,5252898,0.88,1.15,2,741,0
E00908,3624125,0.32,1.68,3,559,0
E00909,8722631,0.97,1.19,2,597,1
E00910,8773229,0.96,1.91,2,830,0
E00911,8261858,0.32,1.23,0,680,0
E00912,6912880,0.41,1.19,0,613,0
E00913,3750420,0.91,1.68,3,602,0
E00914,6655700,0.97,1.73,1,835,1
E00915,4985914,0.5,1.33,1,818,0
E00916,7624817,0.39,0.77,1,556,0
E00917,7231804,0.57,1.2,2,784,0
E00918,3701468,0.72,1.95,3,628,0
E00919,6895651,0.35,1.63,2,814,0
E00920,6364068,0.76,1.72,1,585,0
E00921,100000,0.15,0.55,0,699,0
E00922,6601873,0.14,1.2,0,570,0
E00923,4136408,0.45,1.47,1,844,0
E00924,3227915,0.42,1.75,2,597,0
E00925,3313478,0.38,0.57,2,799,0
E00926,4729514,0.54,1.78,2,675,0
E00927,5960119,0.39,1.32,0,732,0
E00928,2269075,0.27,0.8,3,574,0
E00929,5379695,0.38,0.98,2,642,0
E00930,6153516,0.98,0.92,3,522,0
E00931,8723611,0.47,1.3,1,680,0
E00932,2846619,0.5,0.58,2,544,0
E00933,4300775,0.62,0.74,1,591,0
E00934,5523325,0.99,1.72,2,768,1
E00935,7294818,0.32,0.7,1,533,0
E00936,4391552,0.71,0.85,2,665,1
E00937,7397282,0.74,1.18,0,569,1
E00938,1125275,0.65,1.28,0,695,0
E00939,2493303,0.18,1.65,2,632,0
E00940,5697288,0.71,1.17,0,746,0
E00941,2178351,0.16,1.68,0,667,0
E00942,2651058,0.64,1.43,2,776,0
E00943,3944446,0.77,0.67,1,655,0
E00944,6542877,0.29,0.73,6,522,0
E00945,1208070,0.86,1.16,1,699,0
E00946,5340596,0.13,1.1,1,774,0
E00947,7065927,0.86,1.62,0,549,1
E00948,4610109,0.51,1.37,1,685,0
E00949,4262339,0.3,1.08,1,519,0
E00950,5803542,0.22,0.76,4,615,0
E00951,4615777,0.96,0.84,0,591,1
E00952,7780999,0.17,1.36,1,848,0
E00953,2777173,0.28,1.14,0,838,0
E00954,4896711,0.41,1.27,1,552,0
E00955,5411372,0.66,0.76,1,622,0
E00956,4243091,0.59,1.49,0,840,0
E00957,100000,0.21,1.78,0,837,0
E00958,4678190,0.36,0.89,0,764,0
E00959,6800353,0.31,1.24,2,503,1
E00960,6556218,0.29,1.96,1,668,0
E00961,5709556,0.47,1.0,1,780,0
E00962,2804275,0.73,1.39,2,789,0
E00963,5790618,0.3,0.64,4,572,1
E00964,3853124,0.43,1.41,2,636,0
E00965,5706965,0.45,0.63,0,837,0
E00966,5243010,0.98,1.94,1,755,0
E00967,3047249,0.96,1.57,1,640,0
E00968,3215088,0.82,1.68,4,707,0
E00969,5710044,0.32,1.56,0,759,0
E00970,4557773,0.16,1.38,1,762,0
E00971,3319437,0.39,1.17,1,770,0
E00972,3154339,0.34,1.79,2,537,0
E00973,4392338,0.56,1.94,1,702,0
E00974,8136209,0.8,1.25,5,723,0
E00975,3947843,0.87,1.9,2,846,1
E00976,4971960,0.86,1.37,0,551,0
E00977,5203288,0.42,1.31,1,580,0
E00978,2737947,0.72,1.18,2,710,0
E00979,1474335,0.38,0.81,1,506,0
E00980,2946718,0.15,0.51,1,544,0
E00981,5494154,0.73,0.86,1,814,1
E00982,5174662,0.11,1.26,0,776,0
E00983,6404813,0.47,1.07,0,758,0
E00984,5193499,0.4,1.17,0,641,0
E00985,4780901,0.72,1.97,3,757,0
E00986,3791975,0.79,1.03,0,784,0
E00987,6769213,0.37,1.18,1,536,0
E00988,3161639,0.83,0.7,2,544,1
E00989,2779200,0.36,0.57,1,619,1
E00990,6134111,0.5,1.66,1,545,1
E00991,2333685,0.75,1.36,1,639,0
E00992,9829581,0.72,1.64,1,552,0
E00993,5159986,0.99,0.72,1,800,0
E00994,5695812,0.3,1.36,2,787,0
E00995,3383160,0.7,0.88,2,773,0
E00996,4369470,0.65,0.84,1,768,1
E00997,4146485,0.92,0.52,1,778,1
E00998,3916330,0.24,0.7,2,561,0
E00999,6265923,0.78,0.96,1,553,1
E01000,4100847,0.61,0.68,2,568,1
E01001,7035002,0.35,1.98,1,741,0
E01002,10326364,0.53,0.96,3,769,0
E01003,4408917,0.4,0.7,2,751,0
E01004,5304631,0.62,0.8,1,783,0
E01005,5758964,0.9,1.38,2,570,0
E01006,8623009,0.61,0.6,4,822,0
E01007,4834704,0.67,1.79,0,599,0
E01008,3341966,0.57,1.94,3,560,0
E01009,2467318,0.15,0.87,1,602,0
E01010,4884032,0.31,1.18,3,618,0
E01011,4103239,0.54,0.53,0,516,0
E01012,9020018,0.38,1.46,0,804,0
E01013,8539724,0.26,1.12,1,690,0
E01014,2931254,0.55,0.91,4,711,0
E01015,3578479,0.39,0.81,2,577,0
E01016,5147540,0.33,1.48,3,545,0
E01017,7794452,0.52,1.12,2,592,0
E01018,5114026,0.22,0.77,4,512,0
E01019,3705518,0.93,1.53,5,727,0
E01020,4882236,0.88,1.35,2,800,0
E01021,3743030,0.74,1.79,1,516,1
E01022,6204954,0.2,0.68,2,802,0
E01023,3581932,0.8,1.68,2,561,1
E01024,3979127,0.83,1.51,1,542,0
E01025,7323867,0.79,0.67,3,567,0
E01026,3463270,0.2,1.54,2,711,0
E01027,2107743,0.68,1.16,3,702,0
E01028,5189987,0.85,1.92,0,713,0
E01029,4279053,0.62,0.71,1,608,0
E01030,6022831,0.68,1.46,1,783,0
E01031,5634943,0.51,1.07,1,593,0
E01032,4936163,0.58,1.94,1,724,0
E01033,4877913,0.13,0.99,0,724,0
E01034,3528283,0.68,1.94,1,738,0
E01035,5166694,0.17,1.85,3,617,0
E01036,6762569,0.49,0.91,4,590,0
E01037,3053106,0.36,1.71,1,839,0
E01038,4989205,0.59,1.99,0,788,0
E01039,7076777,0.22,0.88,1,780,0
E01040,6010848,0.72,1.16,0,518,1
E01041,7618945,0.82,1.28,1,674,0
E01042,3863715,0.25,0.94,2,605,0
E01043,1338463,0.19,0.52,3,788,0
E01044,5401303,0.23,0.83,2,747,0
E01045,5725141,0.89,0.92,0,822,0
E01046,7736843,0.58,1.17,0,641,0
E01047,7376291,0.52,0.76,1,797,1
E01048,6073487,0.2,1.81,1,692,0
E01049,6530780,0.68,1.56,4,802,0
E01050,4616357,0.88,0.63,1,790,0
E01051,2561770,0.85,1.48,2,831,0
E01052,5235442,0.66,1.48,0,707,0
E01053,6965146,0.17,1.93,3,747,0
E01054,6312721,0.2,0.5,1,641,0
E01055,6667614,0.14,0.87,1,810,1
E01056,4144488,0.33,1.89,2,721,0
E01057,4468906,0.22,1.9,3,724,0
E01058,5966850,0.33,1.58,0,683,0
E01059,3906985,0.45,1.65,3,804,0
E01060,3968565,0.95,0.64,4,687,0
E01061,5595964,0.65,1.27,5,612,0
E01062,6521809,0.85,0.85,0,680,0
E01063,4600942,0.74,0.77,0,698,0
E01064,2673621,0.2,1.72,0,569,0
E01065,3528392,0.76,0.7,0,585,1
E01066,5407344,0.35,1.2,1,538,0
E01067,5383041,0.68,1.91,1,630,0
E01068,5482476,0.41,0.78,0,509,0
E01069,6042590,1.0,1.97,0,502,1
E01070,5011621,0.34,1.99,2,801,0
E01071,5530112,0.35,1.33,3,649,0
E01072,4909946,0.94,0.76,3,566,0
E01073,7297466,0.12,0.97,0,692,0
E01074,7864684,0.73,1.14,4,596,0
E01075,2621977,0.75,0.96,2,518,1
E01076,4489496,0.85,0.92,1,817,1
E01077,5065448,0.98,1.96,0,597,1
E01078,4466170,0.98,0.73,2,556,0
E01079,8585845,0.16,1.6,1,606,0
E01080,5447910,0.84,0.5,2,587,1
E01081,3389256,0.68,1.39,3,640,0
E01082,6192884,0.68,1.87,2,643,0
E01083,5541949,0.22,0.93,4,551,0
E01084,5608385,0.69,0.78,2,711,0
E01085,8615752,0.98,1.48,0,540,1
E01086,5701570,0.92,1.57,2,803,0
E01087,4392676,0.5,1.53,0,590,0
E01088,1089447,0.14,0.98,3,538,0
E01089,4669201,0.43,0.88,0,512,0
E01090,7611939,0.84,1.93,1,595,1
E01091,4817661,0.73,1.88,0,608,0
E01092,519900,0.51,1.19,2,603,0
E01093,4003275,0.15,1.77,0,730,0
E01094,6985377,0.48,1.18,1,542,0
E01095,6091634,0.52,1.14,0,708,0
E01096,3320238,0.94,0.74,1,587,1
E01097,3869430,0.68,1.14,3,592,0
E01098,4178582,0.38,1.31,2,673,0
E01099,3674572,0.57,0.53,0,625,0
E01100,940652,0.16,1.17,1,608,0
E01101,6527182,0.98,1.67,2,546,1
E01102,7514119,0.42,1.52,1,713,0
E01103,1963102,0.53,1.45,1,591,0
E01104,7487705,0.42,1.86,1,680,0
E01105,4793953,0.71,0.53,0,540,0
E01106,7450264,0.7,1.34,1,758,0
E01107,5075900,0.74,1.68,0,620,0
E01108,5271089,0.34,1.31,0,576,0
E01109,5744869,0.38,0.99,2,594,0
E01110,3419867,0.21,0.7,1,768,0
E01111,7389348,0.69,1.83,2,517,1
E01112,2757238,0.14,1.21,2,792,0
E01113,4195866,0.64,1.82,1,670,0
E01114,6048529,0.88,1.38,2,661,0
E01115,3981609,0.9,1.51,0,810,0
E01116,6555062,0.5,1.71,0,551,0
E01117,7751732,0.51,1.49,5,535,0
E01118,7025092,0.17,1.1,0,686,0
E01119,1127769,0.7,1.27,0,747,0
E01120,5251693,0.84,1.7,1,551,0
E01121,7057365,0.32,1.06,0,518,0
E01122,2366502,0.48,1.08,0,591,0
E01123,6447221,0.85,0.64,0,638,0
E01124,6334921,0.89,1.87,1,803,0
E01125,2575820,0.32,0.64,2,719,0
E01126,6668465,0.6,1.47,0,598,0
E01127,5545395,0.27,1.12,1,735,0
E01128,6300763,0.19,1.11,1,706,0
E01129,3067375,0.92,1.52,2,643,0
E01130,5300272,0.84,0.6,1,698,0
E01131,1590242,0.78,1.39,1,802,0
E01132,446017,0.14,1.66,3,822,0
E01133,5281656,0.86,1.74,1,786,0
E01134,7201195,0.49,0.76,0,831,1
E01135,5505873,0.41,1.85,0,763,0
E01136,4873107,0.59,1.48,0,716,0
E01137,4624931,0.18,1.82,2,688,0
E01138,3114869,0.78,1.23,5,543,1
E01139,4556278,0.62,1.31,4,790,0
E01140,5843368,0.27,1.88,1,688,0
E01141,4129555,0.27,1.85,0,693,0
E01142,6501173,0.27,1.17,3,769,0
E01143,5391950,0.15,0.91,3,759,0
E01144,5633958,0.63,1.09,2,738,0
E01145,6777325,0.86,1.08,0,611,0
E01146,3946489,0.12,0.93,1,568,0
E01147,6318761,0.14,0.9,1,548,1
E01148,4227046,0.62,1.79,2,810,0
E01149,5679028,0.84,0.6,4,650,0
E01150,3708457,0.39,1.52,1,738,0
E01151,3178592,0.41,0.76,1,836,0
E01152,5183729,0.64,1.02,1,614,0
E01153,1229599,0.35,0.59,2,574,1
E01154,4407465,0.12,0.9,2,597,1
E01155,1787245,0.76,1.65,3,610,0
E01156,6558468,0.66,1.83,0,784,0
E01157,7100221,0.62,0.83,0,755,1
E01158,3272097,0.77,1.2,3,817,0
E01159,5856625,0.71,1.21,0,808,1
E01160,6798271,0.29,1.81,2,616,0
E01161,6804938,0.42,1.64,1,675,0
E01162,5428901,0.21,1.27,1,727,0
E01163,6468609,0.22,1.51,1,846,0
E01164,3701337,0.71,1.77,1,605,0
E01165,5166244,0.87,0.51,0,841,0
E01166,4065793,0.97,1.1,2,738,1
E01167,3532424,0.67,1.86,3,599,1
E01168,5072126,0.27,1.61,3,675,0
E01169,5695060,0.2,1.31,1,849,0
E01170,7327017,0.83,1.29,2,748,1
E01171,5530311,0.62,1.02,2,575,0
E01172,6283861,0.66,1.28,2,502,0
E01173,6306566,0.8,1.48,1,580,1
E01174,10375068,0.73,1.13,3,787,0
E01175,1379935,0.85,1.57,1,507,1
E01176,3624132,0.15,1.79,1,586,1
E01177,7948112,0.77,0.73,1,785,1
E01178,4295973,0.87,1.18,1,573,0
E01179,6771606,0.36,1.11,3,622,0
E01180,5460019,0.68,1.53,1,793,0
E01181,9210404,0.38,0.87,3,642,0
E01182,2773891,0.96,1.46,4,657,0
E01183,7443601,0.13,1.82,1,608,0
E01184,8499162,0.62,1.13,2,833,0
E01185,2971162,0.25,1.87,0,694,0
E01186,6565740,0.74,1.99,3,535,0
E01187,3069004,0.26,0.66,1,589,0
E01188,5060323,0.31,0.85,2,795,0
E01189,4486824,0.54,1.93,1,829,0
E01190,194492,0.92,1.94,2,700,0
E01191,5848468,0.29,0.65,1,545,0
E01192,5286678,0.23,0.52,4,606,0
E01193,7958157,0.78,0.74,1,669,1
E01194,6222287,0.55,1.99,1,645,0
E01195,9581767,0.92,0.77,1,677,0
E01196,5214084,0.23,1.25,2,560,0
E01197,4788939,0.68,1.77,0,502,0
E01198,4631286,0.31,0.53,1,581,0
E01199,4120822,0.24,1.41,2,762,0
E01200,584498,0.72,0.92,1,786,1
E01201,4559610,0.63,1.79,1,820,0
E01202,864290,0.78,0.93,3,594,0
E01203,5904066,0.38,1.53,1,563,1
E01204,2519879,0.5,1.51,1,745,0
E01205,3211334,0.46,0.83,1,576,0
E01206,3661179,0.99,0.55,4,758,0
E01207,4590129,0.36,1.11,0,592,0
E01208,5013736,0.37,0.93,2,790,0
E01209,7168959,0.42,1.71,4,770,0
E01210,3844939,0.61,1.7,0,520,0
E01211,5960292,0.33,1.19,2,561,0
E01212,10461734,0.92,1.41,1,838,0
E01213,5754701,0.34,1.41,0,759,0
E01214,4639020,0.91,1.74,1,736,0
E01215,3441696,0.19,1.14,0,640,0
E01216,4611336,0.69,0.91,1,666,0
E01217,3227559,0.92,0.9,1,566,0
E01218,5537322,0.25,1.3,0,849,0
E01219,5207088,0.97,1.17,2,557,0
E01220,675561,0.51,1.16,0,711,0
E01221,4962883,0.95,0.64,3,629,1
E01222,7152292,0.71,1.58,1,524,1
E01223,4201776,0.37,0.82,2,510,1
E01224,3694206,0.27,0.8,1,756,0
E01225,2244598,0.37,1.12,0,803,0
E01226,1284015,0.18,0.84,0,580,0
E01227,6662698,0.23,1.38,0,785,0
E01228,4637043,0.19,1.06,2,518,0
E01229,6544043,0.48,1.17,4,609,0
E01230,8062647,0.82,1.31,4,533,0
E01231,6842495,0.23,0.81,1,787,0
E01232,3915255,0.22,0.73,1,831,0
E01233,5289735,0.68,1.82,2,754,0
E01234,3770454,0.28,1.15,2,625,0
E01235,3583423,0.19,1.12,3,708,0
E01236,5685630,0.25,0.55,3,633,0
E01237,3335412,0.93,1.25,2,585,0
E01238,581696,0.84,1.33,1,574,1
E01239,3223704,0.42,1.34,3,634,0
E01240,4386237,0.69,1.56,2,800,0
E01241,8042796,0.58,0.77,0,672,0
E01242,4018125,0.71,0.88,3,712,1
E01243,6023848,0.71,1.72,2,820,0
E01244,4663383,0.67,1.92,3,849,0
E01245,7452810,0.34,0.7,1,518,0
E01246,7314192,0.14,1.25,1,618,0
E01247,7352350,0.51,0.82,1,802,0
E01248,1532032,0.9,0.59,0,801,0
E01249,5413448,0.61,0.99,0,784,1
E01250,6517877,0.85,0.72,3,726,0
E01251,5763077,0.99,1.56,0,711,0
E01252,6273192,0.25,1.3,1,688,0
E01253,5116702,0.72,0.72,4,820,0
E01254,3510431,0.71,0.51,2,650,0
E01255,1605805,0.98,1.71,1,722,0
E01256,3708861,0.99,0.76,3,627,0
E01257,10356219,0.72,1.41,2,747,1
E01258,4028697,0.32,1.01,1,550,0
E01259,1081219,0.82,1.38,0,690,0
E01260,6465298,0.2,0.97,0,736,0
E01261,6710920,0.8,0.63,3,521,1
E01262,7574648,0.92,0.83,3,609,1
E01263,5941957,0.44,0.78,1,826,0
E01264,6691203,0.67,1.14,3,532,0
E01265,8680434,0.49,1.49,1,626,0
E01266,3509053,0.49,0.9,1,543,1
E01267,3112298,0.38,0.52,4,506,1
E01268,2810826,0.79,1.28,1,627,0
E01269,4468460,0.94,1.41,2,590,0
E01270,7866844,0.95,1.94,1,629,1
E01271,6056136,0.26,1.38,1,516,1
E01272,5977383,0.89,1.21,2,820,0
E01273,1361384,0.76,1.36,2,685,0
E01274,3613626,0.33,1.89,1,609,0
E01275,1328684,0.16,1.74,2,785,0
E01276,7342491,0.34,0.98,1,847,0
E01277,8171292,0.92,0.86,1,662,1
E01278,6559133,0.67,0.89,1,574,0
E01279,3026427,0.75,1.26,2,698,0
E01280,7964044,0.33,1.62,1,786,0
E01281,4493490,0.75,1.25,1,681,0
E01282,2571081,0.13,0.6,1,596,0
E01283,3071191,0.44,1.59,2,550,0
E01284,4139686,0.66,1.71,1,813,0
E01285,5099157,0.23,0.93,2,533,0
E01286,4677311,0.84,1.5,0,520,1
E01287,2174663,0.31,1.14,3,683,0
E01288,7426632,0.69,1.83,1,792,0
E01289,4698788,0.46,1.77,2,563,1
E01290,3572492,0.64,1.29,0,623,0
E01291,7220604,0.2,1.54,0,600,0
E01292,2633187,0.12,1.83,2,618,0
E01293,1742219,0.92,1.24,1,840,1
E01294,7544974,0.34,0.97,0,577,0
E01295,8782775,0.84,1.63,1,680,0
E01296,4075807,1.0,0.83,3,698,0
E01297,4908059,0.29,1.08,2,689,0
E01298,2706670,0.34,1.8,0,827,0
E01299,5010985,0.7,1.59,1,602,0
E01300,4048589,0.97,1.11,0,832,0
E01301,4795743,0.92,0.82,2,774,0
E01302,5818516,0.55,1.03,0,629,0
E01303,2803709,0.82,0.93,2,740,0
E01304,4276377,0.22,0.76,2,633,1
E01305,1392437,0.98,1.61,1,656,0
E01306,4290025,0.97,0.88,2,817,0
E01307,4813131,0.25,1.18,1,657,0
E01308,5457964,0.37,1.08,0,689,0
E01309,5479153,0.19,1.97,1,599,0
E01310,6807845,0.34,1.09,3,551,0
E01311,1920666,0.83,0.62,1,548,1
E01312,2027445,0.44,0.63,2,599,0
E01313,6057915,0.18,1.39,0,750,0
E01314,922077,0.41,1.4,0,553,1
E01315,5366600,0.98,1.13,4,636,0
E01316,2639414,0.67,1.15,2,661,0
E01317,8145629,0.47,0.58,2,791,1
E01318,5500904,0.25,1.27,3,580,0
E01319,4561687,0.99,1.26,2,719,0
E01320,7455441,0.84,0.72,1,584,0
E01321,2873195,0.35,0.66,3,582,0
E01322,3253180,0.16,0.69,1,818,0
E01323,2477090,0.15,0.65,0,566,0
E01324,3269921,0.21,1.41,1,733,0
E01325,5122231,0.62,0.79,2,697,0
E01326,5987903,0.94,0.88,2,758,0
E01327,6922843,0.55,0.76,2,676,0
E01328,1350551,0.86,1.94,0,797,1
E01329,4656274,0.5,1.78,0,779,0
E01330,2783670,0.74,0.85,2,799,0
E01331,4589425,0.76,0.99,2,628,0
E01332,9668327,0.26,0.81,3,679,0
E01333,5583723,0.43,1.24,2,791,0
E01334,6798929,0.67,0.53,2,706,0
E01335,8921382,0.16,1.51,2,793,0
E01336,7254716,0.43,1.28,1,837,0
E01337,4104171,0.58,1.85,1,674,0
E01338,2448335,1.0,0.75,2,528,0
E01339,4939711,0.53,1.71,0,678,0
E01340,3864588,0.83,1.69,4,540,1
E01341,1950957,0.49,0.69,0,691,0
E01342,5481849,0.82,1.1,1,843,0
E01343,5531772,0.64,0.76,3,736,0
E01344,8538233,0.9,0.88,1,803,0
E01345,4276473,0.47,0.89,0,724,0
E01346,5560242,0.64,1.33,0,613,0
E01347,3669029,0.67,1.12,2,777,0
E01348,6746338,0.48,1.92,0,516,0
E01349,4750764,0.23,0.69,2,585,0
E01350,2654816,0.18,1.96,0,816,0
E01351,4973056,0.12,0.85,4,844,0
E01352,5781045,0.89,1.66,0,680,0
E01353,5510546,0.31,1.01,1,836,0
E01354,7091793,0.29,0.71,3,644,0
E01355,2103887,0.76,1.79,2,814,1
E01356,3314514,0.39,0.96,2,724,0
E01357,6279574,0.56,1.49,2,553,0
E01358,3549462,0.25,1.35,2,803,0
E01359,5480942,0.96,1.21,1,567,0
E01360,160509,0.87,1.24,0,606,0
E01361,10431893,0.88,1.6,1,833,0
E01362,4460562,0.47,0.63,1,576,0
E01363,7387912,0.79,1.5,1,526,0
E01364,4326204,0.23,1.84,1,843,0
E01365,5829397,0.11,0.59,1,654,0
E01366,7983839,0.12,0.71,1,571,1
E01367,7331612,0.63,1.57,3,679,0
E01368,4591090,0.51,1.16,2,546,1
E01369,4729491,0.57,1.11,6,741,0
E01370,7007133,0.11,0.71,4,776,0
E01371,9666488,0.48,1.26,1,812,0
E01372,5384565,0.75,0.69,1,604,0
E01373,8914127,0.5,1.21,1,594,0
E01374,4517171,0.76,1.65,2,718,0
E01375,6903920,0.31,0.89,1,669,0
E01376,7202311,0.83,1.22,7,782,0
E01377,4180078,0.63,1.99,0,627,0
E01378,3505843,0.29,1.53,3,699,0
E01379,7290778,0.31,1.76,1,831,0
E01380,3936886,0.67,1.12,1,534,0
E01381,3211300,0.85,1.65,1,643,0
E01382,3632080,0.47,0.56,1,791,0
E01383,3928773,0.33,0.68,1,565,0
E01384,6713234,0.88,0.8,1,718,0
E01385,6030085,0.7,1.1,1,555,0
E01386,6431316,0.5,1.77,0,644,0
E01387,5842759,0.54,1.02,2,712,0
E01388,3812319,0.28,1.48,1,593,0
E01389,6394205,0.66,1.56,1,605,0
E01390,7364907,0.42,1.38,0,583,0
E01391,6169006,1.0,1.04,1,635,0
E01392,5899311,0.53,1.37,0,645,0
E01393,3465890,0.54,1.01,3,748,0
E01394,5423634,0.61,0.63,4,517,1
E01395,3359517,0.93,1.99,1,624,0
E01396,4951944,0.82,0.69,0,501,0
E01397,1719466,0.51,0.61,1,831,0
E01398,1734883,0.75,1.82,2,699,0
E01399,4617904,0.63,0.95,0,637,1
E01400,3903120,0.54,1.48,0,702,0
E01401,5213574,0.27,0.99,2,781,0
E01402,4730462,0.52,1.09,2,802,0
E01403,5060381,0.32,0.89,2,529,0
E01404,6217214,0.92,1.01,1,555,0
E01405,4073462,0.4,1.12,2,618,0
E01406,4561112,0.96,1.58,2,631,0
E01407,7910042,0.58,1.27,2,730,0
E01408,5006168,0.67,1.92,1,651,0
E01409,4641579,0.59,0.56,2,520,0
E01410,5165025,0.22,1.25,1,567,0
E01411,4677271,0.44,1.38,3,625,0
E01412,3580855,0.19,1.88,1,542,0
E01413,3003940,0.66,0.57,2,681,0
E01414,3473137,0.5,1.36,0,599,0
E01415,6745838,0.8,1.78,0,848,0
E01416,3740189,0.3,0.86,3,739,0
E01417,4690150,0.25,1.81,3,699,0
E01418,6401472,0.47,0.53,0,615,0
E01419,4443217,0.93,1.6,1,614,0
E01420,6266722,0.74,1.9,1,641,1
E01421,1918413,0.48,1.49,3,618,0
E01422,4734966,0.57,1.16,1,592,0
E01423,5157792,0.18,0.57,1,508,0
E01424,5046277,0.99,1.88,1,572,1
E01425,1694162,0.7,1.21,3,525,0
E01426,7406225,0.36,0.54,4,738,0
E01427,3290654,0.63,1.53,0,644,0
E01428,5670074,0.2,1.22,1,567,0
E01429,5015928,0.97,0.69,1,687,0
E01430,7007419,0.26,0.82,0,630,0
E01431,9374977,0.68,0.6,0,720,0
E01432,2419271,0.32,1.36,2,780,0
E01433,3702172,0.75,1.43,1,776,0
E01434,5378184,0.8,1.26,2,639,1
E01435,2789293,0.71,1.73,2,553,1
E01436,6564365,0.65,1.79,1,500,0
E01437,6686745,0.9,1.42,1,627,0
E01438,6118898,0.17,0.52,0,500,1
E01439,5473163,0.4,1.54,1,672,0
E01440,7739417,0.32,1.13,0,765,0
E01441,2688749,0.99,1.35,2,795,0
E01442,5130536,0.45,1.47,6,755,0
E01443,3522394,0.76,1.03,2,673,0
E01444,6779832,0.72,1.88,1,544,1
E01445,1333317,0.29,0.7,1,842,0
E01446,4943832,0.32,1.51,5,640,0
E01447,5670477,0.35,0.51,0,526,0
E01448,3105015,0.47,1.89,4,732,0
E01449,3747619,0.31,0.67,1,708,1
E01450,5030757,0.12,0.64,0,549,0
E01451,6910192,0.89,1.0,0,560,1
E01452,2934261,0.97,1.06,0,742,0
E01453,3283100,0.41,0.82,1,768,1
E01454,7251175,0.4,1.38,2,639,0
E01455,4454049,0.11,1.16,0,656,0
E01456,3444921,0.71,0.55,1,584,0
E01457,6457369,0.84,0.98,0,583,1
E01458,4023606,0.23,1.72,0,775,0
E01459,7054843,0.24,1.53,1,530,1
E01460,3672559,0.81,1.59,2,507,0
E01461,4680810,0.65,1.55,2,779,0
E01462,6889943,0.14,0.97,1,702,0
E01463,4547478,0.66,0.65,0,532,0
E01464,6512106,0.38,0.91,4,797,1
E01465,4868904,0.43,1.75,4,642,0
E01466,8963383,0.79,1.97,1,849,0
E01467,8137557,0.83,1.24,1,536,0
E01468,2343807,0.46,0.51,1,646,0
E01469,6044487,0.95,0.71,1,727,0
E01470,3367192,0.47,0.98,2,533,0
E01471,5383013,0.79,1.37,0,736,0
E01472,5136741,0.54,0.61,1,711,0
E01473,2889225,0.91,1.92,1,808,0
E01474,7116969,0.92,1.05,0,639,0
E01475,5406605,0.18,1.87,0,689,0
E01476,4430633,0.94,1.67,3,595,1
E01477,4123780,0.84,1.63,2,693,0
E01478,5279553,0.81,1.41,1,803,1
E01479,5815850,0.28,1.44,0,795,0
E01480,4750048,0.82,1.46,0,651,1
E01481,100000,0.87,1.44,0,722,0
E01482,5033781,0.36,1.33,1,695,0
E01483,2117035,0.96,1.98,0,587,1
E01484,4581094,0.14,1.6,1,798,0
E01485,2190871,0.23,1.67,0,516,0
E01486,2167004,0.58,1.81,1,710,0
E01487,7470243,0.62,0.82,2,731,0
E01488,4359816,0.68,0.63,1,682,0
E01489,4206675,0.12,1.22,3,661,0
E01490,5965048,0.96,1.27,4,569,0
E01491,4258818,0.14,1.74,3,559,0
E01492,9207612,0.23,1.17,1,678,0
E01493,4453960,0.11,1.36,1,576,0
E01494,5730250,0.61,1.29,2,534,0
E01495,6941882,0.94,0.56,2,515,1
E01496,8204506,0.7,1.42,1,793,0
E01497,3515987,0.84,1.74,0,670,0
E01498,4164072,0.11,0.74,2,531,0
E01499,7549183,0.59,1.39,0,762,0
E01500,6620124,0.51,1.39,2,714,0
E01501,7150351,0.55,0.75,0,545,1
E01502,2262590,0.16,0.69,2,688,0
E01503,8095999,0.72,1.97,3,773,1
E01504,3477184,0.55,1.09,5,570,0
E01505,5384585,0.79,0.84,1,795,0
E01506,4703554,0.54,0.76,2,587,0
E01507,3243034,0.23,1.5,1,833,0
E01508,2174928,0.68,1.41,0,760,0
E01509,1512303,0.26,1.47,2,681,0
E01510,5238036,0.89,0.63,1,841,0
E01511,1949361,0.65,1.84,1,521,0
E01512,2732368,0.24,1.08,0,573,0
E01513,4563928,0.97,0.97,1,589,0
E01514,100000,0.57,1.19,2,834,0
E01515,6557959,0.17,1.09,2,665,0
E01516,180223,0.66,1.8,1,733,0
E01517,4845255,0.33,1.89,1,628,0
E01518,5030038,0.82,0.96,0,833,1
E01519,6076123,0.84,1.8,1,791,0
E01520,4916638,0.98,1.67,2,594,0
E01521,9035815,0.55,1.9,1,527,0
E01522,5432633,0.51,0.87,2,534,0
E01523,7107224,0.78,1.37,2,730,0
E01524,3553074,0.22,0.91,2,817,0
E01525,5241513,0.59,1.74,1,842,0
E01526,8095140,0.59,0.51,0,624,0
E01527,4524609,0.18,1.35,3,578,0
E01528,5384469,0.48,1.01,5,560,1
E01529,6961706,0.87,0.98,0,716,0
E01530,3515540,0.87,1.47,0,781,0
E01531,676879,0.19,1.78,1,662,0
E01532,5511147,0.18,1.41,2,556,1
E01533,6977338,0.34,1.78,1,690,0
E01534,2297108,0.89,0.9,2,631,0
E01535,6340439,0.22,1.28,4,541,0
E01536,6353932,0.75,1.18,1,672,0
E01537,453007,0.19,0.52,1,666,0
E01538,3127422,0.66,1.34,2,749,0
E01539,4208342,0.42,1.49,2,692,0
E01540,4640751,0.81,1.39,2,777,1
E01541,3513731,0.31,1.6,1,737,0
E01542,3405994,0.68,1.36,2,729,0
E01543,8342965,0.31,0.6,0,664,0
E01544,4784881,0.74,0.67,0,742,1
E01545,3609912,0.89,1.39,3,589,0
E01546,4917661,0.21,0.91,5,678,0
E01547,6074181,0.88,0.62,2,557,0
E01548,5103252,0.63,1.14,0,762,0
E01549,4588544,0.21,1.33,3,635,0
E01550,3699966,0.48,0.99,0,737,0
E01551,3675738,0.24,1.58,0,806,0
E01552,3804383,0.73,1.47,0,742,0
E01553,5677629,0.78,1.0,1,650,0
E01554,3011639,0.2,1.63,3,845,0
E01555,5786538,0.56,1.47,2,746,0
E01556,7825989,0.83,1.46,0,718,0
E01557,5651414,0.94,1.33,0,508,0
E01558,4260828,0.56,0.52,0,793,0
E01559,2403746,0.96,1.54,0,512,0
E01560,8156213,0.58,1.06,1,762,0
E01561,2659964,0.45,1.91,4,724,0
E01562,6697124,0.86,1.73,1,730,0
E01563,6277035,0.54,1.38,4,677,0
E01564,4526462,0.52,0.88,0,746,0
E01565,4474042,0.54,0.81,0,566,1
E01566,1328577,0.86,1.01,3,796,0
E01567,5660130,0.85,1.21,5,656,0
E01568,6239852,0.46,0.94,1,664,0
E01569,2821839,0.4,1.27,0,683,0
E01570,4688357,0.54,0.75,2,707,0
E01571,5075723,0.62,1.97,2,515,0
E01572,6169145,0.31,0.66,1,799,1
E01573,5007606,0.81,1.9,2,805,0
E01574,1747361,0.54,1.87,1,740,0
E01575,3940124,0.4,1.29,1,729,0
E01576,5449251,0.2,1.59,0,517,0
E01577,6683056,0.31,1.15,0,646,0
E01578,3764726,0.95,1.45,2,743,1
E01579,9375299,0.37,1.01,4,550,1
E01580,1211053,0.25,0.95,1,758,0
E01581,3872599,0.51,1.37,2,737,0
E01582,4833932,0.38,1.25,1,745,0
E01583,4598501,0.13,1.37,0,844,0
E01584,2535715,0.39,0.93,0,809,0
E01585,5895723,0.59,1.05,3,548,1
E01586,5742188,0.6,0.63,2,783,0
E01587,5095922,0.42,0.58,1,537,1
E01588,5663687,0.5,0.88,0,783,0
E01589,4152447,0.97,0.61,2,531,0
E01590,1765274,0.44,0.66,0,742,1
E01591,3566720,0.33,1.72,0,540,0
E01592,5314109,0.32,0.56,1,791,0
E01593,5325488,0.51,1.49,2,602,0
E01594,5082758,0.78,0.91,2,791,1
E01595,6097416,0.29,1.81,0,606,0
E01596,3837707,0.74,1.23,1,745,1
E01597,5053362,0.12,0.96,0,586,0
E01598,6144185,0.48,1.28,0,565,0
E01599,4830220,0.8,1.07,4,637,1
E01600,2513352,0.4,1.35,1,825,0
E01601,3077023,0.61,0.67,0,699,0
E01602,6661704,0.28,2.0,0,834,0
E01603,7784944,0.77,1.14,0,592,0
E01604,7350566,0.15,1.02,0,847,0
E01605,5464311,0.87,1.57,1,777,1
E01606,2593734,0.28,1.05,3,519,0
E01607,4987296,0.89,1.75,1,788,0
E01608,8124510,0.42,1.18,0,589,0
E01609,6236976,0.75,1.58,0,549,0
E01610,4585044,0.39,0.66,2,509,0
E01611,6257250,0.92,1.77,0,578,0
E01612,2461209,0.21,1.6,1,536,0
E01613,3608657,0.26,0.82,1,558,0
E01614,2831617,0.54,0.72,1,587,0
E01615,5939143,0.17,0.97,1,603,0
E01616,6428206,0.28,1.96,2,818,0
E01617,4692347,0.95,0.89,6,776,1
E01618,3254140,0.98,1.18,6,603,1
E01619,4960501,0.44,0.55,5,753,0
E01620,4026840,0.93,1.1,1,729,0
E01621,3407658,0.59,1.36,2,834,0
E01622,5677987,0.34,1.93,0,536,0
E01623,3484015,0.73,1.28,4,800,1
E01624,1867300,0.69,1.73,1,641,0
E01625,2311771,0.99,1.32,1,542,1
E01626,1793479,0.34,0.56,2,615,0
E01627,5495023,0.7,0.97,1,840,0
E01628,5300810,0.15,1.36,1,583,0
E01629,5201040,0.2,1.93,0,758,0
E01630,6175463,0.1,1.79,1,586,0
E01631,7383917,1.0,0.84,2,842,0
E01632,3815466,0.82,0.83,0,846,1
E01633,5812954,0.81,0.8,2,790,1
E01634,1840768,0.56,1.88,3,595,0
E01635,7757419,0.37,1.78,3,754,0
E01636,2510337,0.24,1.66,1,841,0
E01637,3579837,0.36,1.09,3,635,0
E01638,3804580,0.44,1.26,2,747,0
E01639,1947458,0.78,1.2,0,591,0
E01640,5065151,0.59,0.88,1,746,0
E01641,5427807,0.17,1.26,2,757,0
E01642,4621172,0.12,0.55,3,686,0
E01643,1919504,0.19,0.7,2,623,0
E01644,8966772,0.47,1.83,1,759,0
E01645,6098461,0.94,1.63,0,668,0
E01646,10268444,0.67,1.13,2,610,0
E01647,3389781,0.82,1.28,4,789,1
E01648,6915764,0.52,1.05,0,586,0
E01649,6558547,0.43,1.61,2,512,0
E01650,4418849,0.2,1.68,1,762,0
E01651,7822101,0.89,1.64,0,787,1
E01652,4189179,0.8,1.58,4,522,0
E01653,4278217,0.25,0.81,0,699,1
E01654,100000,0.56,1.01,2,741,0
E01655,5818056,0.54,1.2,2,738,0
E01656,2348980,0.66,1.0,2,802,0
E01657,3898557,0.95,1.63,2,664,0
E01658,2947560,0.62,0.99,3,725,0
E01659,4267536,0.59,0.71,0,675,0
E01660,5887760,0.15,1.1,1,528,0
E01661,5022283,0.16,1.97,1,664,0
E01662,6419282,0.27,0.84,1,522,0
E01663,7531259,0.13,1.42,1,793,0
E01664,4262408,0.77,1.15,2,543,0
E01665,4042865,0.75,0.61,0,760,1
E01666,6915455,0.22,1.23,0,679,0
E01667,7074094,0.85,1.55,2,795,0
E01668,6481181,0.24,1.27,1,638,0
E01669,3095642,0.37,1.81,3,833,0
E01670,5845310,0.32,0.93,1,747,0
E01671,5218941,0.44,0.63,2,740,0
E01672,7105057,0.33,1.9,4,605,0
E01673,3854255,0.54,1.07,1,672,0
E01674,1666779,0.47,1.36,0,548,1
E01675,6380473,0.99,1.69,2,622,0
E01676,100000,0.15,0.99,4,534,0
E01677,3536973,0.23,1.57,1,605,0
E01678,2953608,0.15,0.7,1,827,0
E01679,2940130,0.66,0.94,2,695,1
E01680,3501937,0.15,0.72,1,608,1
E01681,7434747,0.85,1.72,2,624,0
E01682,6641110,0.56,0.83,1,826,1
E01683,4496538,0.57,1.58,2,794,0
E01684,7267246,0.61,1.91,1,846,0
E01685,2875405,0.25,1.29,1,536,0
E01686,2603433,0.28,1.31,1,687,0
E01687,6727193,0.39,1.19,2,836,0
E01688,6159286,0.63,0.99,1,522,0
E01689,4079473,0.29,1.21,2,760,0
E01690,2729078,0.2,1.4,1,693,0
E01691,7919463,0.97,1.98,2,651,0
E01692,1559794,0.12,1.91,1,517,0
E01693,3803148,0.82,1.79,2,526,0
E01694,5457153,0.81,1.83,0,523,0
E01695,8604329,0.37,1.2,4,528,1
E01696,5766200,0.22,1.49,3,638,0
E01697,5960609,0.23,1.84,2,645,0
E01698,3861232,0.73,1.09,0,622,1
E01699,6136960,0.68,1.94,0,627,0
E01700,5210618,0.8,1.12,1,616,0
E01701,1823070,0.94,1.4,1,631,0
E01702,6585869,0.72,1.56,3,788,0
E01703,6940786,0.24,1.93,1,705,0
E01704,6606730,0.32,0.87,4,735,0
E01705,5066655,0.86,1.62,5,541,0
E01706,3087646,0.29,1.28,1,659,0
E01707,381632,0.17,0.9,1,751,0
E01708,5314107,0.73,1.66,3,678,0
E01709,7163884,0.46,1.33,3,624,0
E01710,6991064,0.93,1.49,3,759,0
E01711,6632145,0.69,0.98,2,775,0
E01712,4851578,0.18,1.22,2,712,0
E01713,7174928,0.95,1.43,2,823,0
E01714,6848323,0.33,1.11,1,689,0
E01715,4154732,0.4,0.8,1,557,1
E01716,6353196,0.46,1.94,2,702,0
E01717,3928081,0.15,1.27,2,579,1
E01718,6080048,0.55,1.6,1,727,0
E01719,2401766,0.21,1.12,3,594,1
E01720,2555576,0.46,1.03,3,503,0
E01721,7116414,0.42,1.11,4,664,0
E01722,6875120,0.8,1.11,1,799,1
E01723,6267223,0.82,1.32,3,541,1
E01724,5175937,0.24,1.32,1,784,0
E01725,217451,0.43,1.25,3,728,0
E01726,4850248,0.44,0.7,1,742,1
E01727,5908366,0.24,1.24,1,711,0
E01728,3930533,0.82,0.75,2,799,0
E01729,3575011,0.74,0.69,2,554,0
E01730,7888840,0.27,1.9,1,835,0
E01731,4879422,0.43,1.41,0,672,0
E01732,5909590,0.2,1.49,0,776,0
E01733,6548262,0.67,1.1,3,833,0
E01734,2997125,0.21,1.86,0,728,0
E01735,5386414,0.99,1.46,1,529,0
E01736,7639288,0.8,1.65,1,522,0
E01737,8638446,0.45,1.05,3,504,0
E01738,5079872,0.62,1.94,1,562,1
E01739,4524112,0.92,1.73,2,720,0
E01740,5538048,0.6,1.78,1,814,0
E01741,5487274,0.26,0.76,1,581,1
E01742,7773516,0.44,0.91,2,741,0
E01743,3007216,0.86,0.93,3,752,0
E01744,4440253,0.68,0.91,2,551,0
E01745,2765717,0.69,1.78,0,820,0
E01746,2975810,0.88,0.55,1,538,1
E01747,5753148,0.9,0.61,1,758,0
E01748,6619715,0.93,0.91,1,826,1
E01749,3701216,0.19,0.8,2,770,0
E01750,6544189,0.59,0.85,1,571,0
E01751,7223157,0.77,1.7,0,569,1
E01752,8869411,0.78,1.34,1,719,0
E01753,5139493,0.65,0.51,4,503,0
E01754,3720470,0.25,1.14,2,849,0
E01755,2995056,0.82,1.11,0,789,0
E01756,2796413,0.75,0.67,2,791,1
E01757,7499561,0.18,1.51,0,730,0
E01758,1969809,0.52,1.55,4,579,0
E01759,7435496,0.26,1.58,2,565,0
E01760,3263117,0.4,1.59,1,635,0
E01761,3629587,0.12,0.5,1,690,0
E01762,4696889,0.46,1.93,2,846,0
E01763,3592690,0.59,1.72,2,835,0
E01764,6863959,0.66,1.86,3,558,0
E01765,8626687,0.7,0.52,0,765,0
E01766,3685135,0.85,1.9,2,506,0
E01767,4135524,0.29,1.71,2,701,0
E01768,4673358,0.21,1.76,2,831,0
E01769,6082113,0.87,0.64,0,736,0
E01770,4693031,0.24,1.61,3,767,0
E01771,7774514,0.98,1.94,2,578,0
E01772,7293247,0.86,1.52,0,545,0
E01773,2629075,0.55,1.36,5,742,0
E01774,6041936,0.98,1.92,3,787,0
E01775,8040678,0.19,1.16,0,659,0
E01776,4010438,0.37,1.4,2,614,0
E01777,4411470,0.67,1.21,2,613,0
E01778,3943926,0.42,1.9,2,625,0
E01779,3985848,0.94,0.61,4,589,0
E01780,1663096,0.16,1.25,0,560,0
E01781,2343370,0.59,1.53,0,816,0
E01782,5154947,0.63,1.69,1,601,0
E01783,8027195,0.69,1.37,3,613,0
E01784,3773278,0.33,1.86,2,673,0
E01785,3714485,0.43,1.91,2,591,0
E01786,8403042,0.86,0.6,1,682,0
E01787,2783485,0.28,1.1,1,704,0
E01788,1677513,0.84,0.54,0,694,0
E01789,3342969,0.61,0.99,1,804,0
E01790,3674431,0.79,1.31,1,524,0
E01791,1505093,0.74,1.87,2,733,1
E01792,4743916,0.29,1.77,2,515,0
E01793,6896892,0.61,0.69,3,640,0
E01794,2428090,0.88,0.64,2,607,0
E01795,5175156,0.49,1.38,1,799,0
E01796,5791871,0.97,1.3,1,838,0
E01797,4833231,0.51,0.9,3,802,0
E01798,5371385,0.23,1.85,3,579,0
E01799,5394654,0.45,1.89,2,575,0
E01800,3374544,0.96,1.1,2,775,0
E01801,7997165,0.39,1.84,3,767,0
E01802,7495513,0.88,1.08,1,611,1
E01803,7379822,0.89,1.61,2,815,0
E01804,7027351,0.42,1.21,2,574,0
E01805,1850041,0.17,0.68,1,713,0
E01806,6852124,0.75,1.89,1,533,1
E01807,6311202,0.38,1.18,3,640,0
E01808,1926952,0.8,1.6,2,665,0
E01809,4570179,0.5,1.05,1,730,0
E01810,5553586,0.54,0.53,2,791,0
E01811,8328634,0.8,0.65,2,527,1
E01812,6449447,0.44,1.24,4,794,0
E01813,3270868,0.5,1.53,1,832,0
E01814,8390776,0.44,1.0,0,590,0
E01815,5087559,0.43,1.54,1,614,0
E01816,4488317,0.57,1.55,0,658,0
E01817,4345763,0.83,1.56,1,757,1
E01818,1752889,0.43,1.24,0,837,0
E01819,4780460,0.57,1.87,0,589,0
E01820,5994970,0.7,1.23,0,744,1
E01821,4229233,0.34,1.18,3,797,0
E01822,5840904,0.35,0.8,0,530,0
E01823,3271217,0.94,0.96,0,816,0
E01824,4718144,0.75,0.56,1,811,0
E01825,5633080,0.62,1.45,2,727,0
E01826,5379321,0.68,0.87,0,838,0
E01827,1789069,0.13,0.96,2,627,0
E01828,4121988,0.66,1.66,4,769,0
E01829,8354925,0.56,0.99,1,769,0
E01830,4015107,0.59,0.86,2,708,0
E01831,5031615,0.42,0.75,1,677,0
E01832,4826488,0.17,1.66,2,805,0
E01833,8136479,0.27,0.69,0,690,0
E01834,7580736,0.96,1.18,4,567,0
E01835,6615061,0.47,1.26,1,826,0
E01836,3053515,0.52,1.53,0,766,0
E01837,5718366,0.15,1.45,1,769,0
E01838,6135883,0.13,1.72,1,627,0
E01839,3602790,0.75,0.57,1,763,0
E01840,3258965,0.58,0.94,1,720,0
E01841,8410028,0.56,0.92,0,741,1
E01842,4398393,0.32,0.72,2,743,0
E01843,8229953,0.77,0.93,4,518,0
E01844,6994187,0.25,0.96,3,654,0
E01845,5815753,0.27,1.28,2,728,0
E01846,5905062,0.51,1.5,1,557,0
E01847,2199160,0.36,1.07,3,780,0
E01848,5413549,0.32,1.58,0,544,0
E01849,7834040,0.68,1.0,0,601,0
E01850,6362679,0.69,0.94,2,547,0
E01851,5308673,0.84,1.31,2,549,0
E01852,8423874,0.48,0.54,2,580,0
E01853,4629918,0.17,0.62,3,799,0
E01854,3760888,0.35,1.13,4,558,0
E01855,5307663,0.98,1.91,2,660,0
E01856,6532934,0.64,1.58,0,602,0
E01857,1564411,0.74,0.63,0,833,0
E01858,5569737,0.11,1.77,1,773,0
E01859,6620690,0.57,1.6,2,682,0
E01860,4460716,0.13,1.42,0,615,0
E01861,7213929,0.61,1.73,0,766,0
E01862,6282373,0.93,1.11,0,663,0
E01863,9282766,0.97,0.83,1,642,0
E01864,3498794,0.59,1.27,1,817,0
E01865,6661419,0.51,1.32,0,803,0
E01866,2965352,0.95,1.31,0,593,1
E01867,1769267,0.71,1.35,4,749,1
E01868,928938,0.16,1.92,1,842,0
E01869,6076648,0.52,1.85,1,805,0
E01870,5368495,0.32,1.81,1,815,0
E01871,4041897,0.52,1.7,1,739,0
E01872,1452991,0.51,1.92,2,558,1
E01873,3619226,0.62,0.65,1,514,1
E01874,5008186,0.42,0.9,2,784,0
E01875,6586338,0.25,1.24,3,702,0
E01876,4966928,0.55,1.77,2,736,0
E01877,5504120,0.85,1.26,1,795,0
E01878,4247735,0.7,1.62,0,786,0
E01879,8498448,0.4,0.71,3,572,0
E01880,2963500,0.94,0.88,1,713,0
E01881,3601523,0.92,1.6,3,510,0
E01882,4015283,0.29,0.75,3,836,1
E01883,6085408,0.14,1.03,1,724,0
E01884,2922280,0.77,0.9,1,817,0
E01885,5271437,0.84,1.02,0,702,1
E01886,5329820,0.97,1.56,0,730,0
E01887,3611284,0.9,1.05,1,550,1
E01888,5659958,0.64,1.33,1,556,0
E01889,2984372,0.58,0.65,1,631,0
E01890,2765851,0.13,1.71,2,779,0
E01891,5199211,0.32,1.05,1,796,0
E01892,1680488,0.51,1.47,2,804,0
E01893,710394,0.67,1.59,1,724,0
E01894,6065666,0.6,0.81,2,673,0
E01895,7097939,0.77,1.83,1,791,0
E01896,4066393,0.35,1.42,1,765,0
E01897,3663858,0.61,1.14,1,746,0
E01898,7011070,0.18,0.77,1,577,0
E01899,2708923,0.47,1.91,1,634,0
E01900,2273254,0.78,1.63,1,639,0
E01901,6415272,0.72,0.81,2,841,0
E01902,5018076,0.99,1.01,2,752,0
E01903,7129753,0.35,1.71,1,675,0
E01904,719468,0.55,1.54,0,559,0
E01905,2198652,0.4,1.65,3,753,0
E01906,5028664,0.5,1.16,2,507,0
E01907,5835347,0.87,1.57,3,606,0
E01908,6693994,0.72,1.08,0,670,0
E01909,5349635,0.89,0.82,3,557,0
E01910,5329310,0.28,1.45,2,836,0
E01911,4221196,0.89,1.96,2,841,0
E01912,8181809,0.15,0.97,1,789,1
E01913,2793953,0.9,1.19,2,583,1
E01914,5718040,0.4,1.51,3,616,0
E01915,3024382,0.38,1.31,1,699,0
E01916,6069557,0.56,1.77,0,521,0
E01917,2925964,0.95,1.64,1,718,0
E01918,6487631,0.14,0.59,4,725,0
E01919,5224209,0.42,2.0,5,770,0
E01920,8489278,0.87,1.63,3,601,0
E01921,4437960,0.46,1.8,2,644,0
E01922,5849932,0.28,1.48,1,646,0
E01923,3440687,0.48,1.78,1,760,0
E01924,4424213,0.45,0.67,2,778,0
E01925,5211498,0.92,1.02,1,838,0
E01926,1945560,0.79,1.81,0,513,0
E01927,2164752,0.55,0.8,0,765,0
E01928,6199718,0.99,0.62,2,786,0
E01929,4707826,0.52,1.68,0,640,0
E01930,3814146,0.15,1.75,2,792,0
E01931,3526027,0.34,0.74,2,530,1
E01932,3603022,0.49,1.78,1,670,0
E01933,5225101,0.24,1.53,0,704,0
E01934,5890071,0.95,1.28,0,790,0
E01935,815785,0.79,1.75,2,610,1
E01936,7825668,0.34,1.13,2,567,0
E01937,7683401,0.63,0.79,0,682,1
E01938,338690,0.75,0.93,2,695,0
E01939,7171853,0.95,1.26,1,625,0
E01940,7110437,0.89,1.3,1,674,0
E01941,5000890,0.56,1.71,2,761,0
E01942,2405662,0.8,1.69,2,785,0
E01943,7030456,0.61,1.37,1,654,0
E01944,4517537,0.6,1.67,1,568,0
E01945,6097757,0.2,0.79,2,607,0
E01946,9438402,0.21,0.58,0,534,1
E01947,5503673,0.58,1.81,3,543,0
E01948,3166230,0.34,0.61,3,642,0
E01949,4328538,0.12,0.87,1,710,0
E01950,3421109,0.75,1.54,4,784,0
E01951,5866979,0.13,1.11,0,505,0
E01952,3387864,0.64,1.81,0,717,0
E01953,4054297,0.59,0.95,3,526,1
E01954,2431139,0.97,0.52,3,726,0
E01955,4735825,0.54,0.95,1,783,0
E01956,5353509,0.16,1.37,2,555,0
E01957,100000,0.6,1.06,4,809,0
E01958,5519147,0.86,1.3,0,835,1
E01959,4908599,1.0,1.81,1,604,1
E01960,3470016,0.49,1.87,1,517,1
E01961,9057257,0.39,0.9,0,704,1
E01962,6916953,0.92,1.19,1,542,0
E01963,2807195,0.27,1.32,4,588,0
E01964,6676473,0.65,1.92,4,573,0
E01965,7488996,0.47,2.0,2,656,0
E01966,5264041,0.14,0.85,0,765,0
E01967,5722884,0.41,1.59,1,633,0
E01968,5676693,0.34,1.07,0,588,0
E01969,828368,0.72,0.51,0,735,1
E01970,4626260,0.95,0.51,1,631,0
E01971,4522174,0.34,1.19,2,728,0
E01972,7860311,0.83,1.23,2,533,0
E01973,5667455,0.15,0.53,5,582,0
E01974,4404778,0.58,1.53,5,631,0
E01975,4819750,0.16,0.94,3,703,1
E01976,7046771,0.94,1.34,2,786,0
E01977,4630830,0.79,0.95,3,835,0
E01978,3603608,0.69,0.75,1,815,0
E01979,4448595,0.84,1.11,1,757,0
E01980,6881392,0.68,0.85,3,791,0
E01981,5992329,0.97,1.3,2,624,0
E01982,5088535,0.74,0.8,0,650,1
E01983,5383078,0.93,1.26,0,746,0
E01984,3880515,0.57,0.74,1,674,0
E01985,4612101,0.21,1.51,1,801,0
E01986,3673391,0.58,1.63,3,579,0
E01987,4410441,0.21,0.67,1,606,0
E01988,7692356,0.63,1.2,2,799,0
E01989,2844256,0.53,0.61,2,804,0
E01990,3622564,0.66,1.4,3,843,0
E01991,2491402,0.11,0.9,1,557,0
E01992,2058182,0.28,1.29,1,590,0
E01993,4626456,0.54,1.28,0,634,0
E01994,3764781,0.96,1.89,2,849,1
E01995,8523377,0.45,1.32,0,668,0
E01996,4434306,0.48,1.37,3,833,0
E01997,7578793,0.74,1.1,1,621,0
E01998,6936012,0.64,1.92,0,735,0
E01999,4582091,0.37,1.67,3,575,1
E02000,9220271,0.47,0.93,3,808,0
E02001,5537067,0.3,1.77,2,522,0
E02002,8026018,0.97,1.15,0,832,1
E02003,7793193,0.22,1.74,0,572,0
E02004,5829295,0.43,1.73,1,587,0
E02005,6502261,0.12,0.78,2,602,0
E02006,6248142,0.3,1.55,1,593,0
E02007,2711477,0.8,0.94,2,815,1
E02008,5114580,0.28,0.95,0,765,0
E02009,7148494,0.17,0.94,4,752,0
E02010,8052372,0.53,1.59,2,557,0
E02011,3558720,0.11,0.84,3,508,0
E02012,6057662,0.18,0.5,1,512,0
E02013,5301740,0.83,1.57,1,630,0
E02014,4764251,0.79,0.76,2,721,0
E02015,5712005,0.92,0.66,2,828,0
E02016,5435994,0.87,0.86,3,652,0
E02017,6082815,0.71,1.07,0,570,1
E02018,7883433,0.15,1.21,1,844,0
E02019,6568255,0.8,0.57,2,519,0
E02020,5621182,0.86,1.96,1,580,0
E02021,8729250,0.82,1.57,2,727,0
E02022,7219859,0.56,0.98,2,845,1
E02023,4815203,0.31,0.98,1,518,0
E02024,2565759,0.86,1.17,1,664,0
E02025,3024338,0.75,1.44,1,606,0
E02026,6866464,0.98,0.72,1,847,0
E02027,3739375,0.24,0.78,4,713,0
E02028,2983889,0.3,1.79,2,738,0
E02029,3483829,0.29,0.88,3,646,0
E02030,3625231,0.81,1.07,0,680,0
E02031,6701295,0.27,1.81,1,835,0
E02032,4686515,0.16,1.49,1,697,0
E02033,2255250,1.0,1.01,1,786,0
E02034,5062089,0.12,1.53,2,552,0
E02035,5444532,0.85,0.53,1,739,0
E02036,4041326,0.43,1.6,1,789,0
E02037,7311770,0.86,1.23,1,786,0
E02038,4158122,0.6,1.72,2,687,0
E02039,7216675,0.91,1.93,0,505,1
E02040,6193565,0.93,1.89,2,782,0
E02041,6853211,0.11,1.86,2,762,0
E02042,2802898,0.17,1.27,2,548,0
E02043,5196620,0.33,1.04,4,699,0
E02044,4894343,0.7,1.2,1,559,0
E02045,2155986,0.9,1.53,2,532,0
E02046,7210121,0.51,1.83,1,802,0
E02047,3365198,0.65,0.81,3,743,0
E02048,3780864,0.27,1.88,1,671,0
E02049,2973368,0.82,1.72,4,706,0
E02050,6402372,0.97,1.97,0,782,0
E02051,1948140,0.34,1.82,2,521,0
E02052,6235749,0.55,0.92,0,546,0
E02053,7089027,0.18,0.66,2,848,0
E02054,6074356,0.6,0.67,2,657,0
E02055,6425256,0.55,0.94,0,757,0
E02056,6519092,0.23,1.42,3,642,0
E02057,3101151,0.5,1.71,4,546,0
E02058,7869469,0.4,1.85,1,526,0
E02059,4079847,0.57,1.44,2,526,0
E02060,4867224,0.63,0.51,2,644,0
E02061,4334725,0.11,0.78,0,574,0
E02062,5983084,0.78,0.65,1,686,0
E02063,3923925,0.74,1.04,1,509,1
E02064,5133831,0.43,1.25,3,620,0
E02065,2529312,0.15,0.57,0,788,0
E02066,7329330,0.78,1.02,3,664,0
E02067,6341481,0.96,0.77,0,763,0
E02068,4415480,0.32,1.47,2,660,0
E02069,4061701,0.39,1.2,2,826,0
E02070,6289256,0.27,1.24,2,796,0
E02071,3585413,0.62,1.14,1,617,0
E02072,5250730,0.24,1.93,0,810,0
E02073,7322797,0.42,0.82,4,762,0
E02074,3377485,0.73,1.27,0,583,0
E02075,5737201,0.6,1.6,2,645,0
E02076,5631450,0.45,1.34,0,670,0
E02077,4805326,0.48,1.89,0,833,0
E02078,3992420,0.61,1.07,4,808,0
E02079,7429594,0.11,1.2,2,513,0
E02080,3804862,0.17,0.63,1,648,0
E02081,1375922,0.89,1.41,1,750,0
E02082,6281067,0.17,0.93,1,556,0
E02083,2597393,0.74,0.74,0,846,0
E02084,6383762,0.93,1.32,3,801,0
E02085,7669806,0.34,1.3,0,846,0
E02086,6259499,0.43,0.61,0,632,0
E02087,7142822,0.61,1.55,2,669,0
E02088,9040098,0.89,1.44,4,601,0
E02089,6933520,0.95,0.78,1,605,0
E02090,5661146,0.77,1.2,1,670,0
E02091,8267896,0.18,1.58,1,627,0
E02092,8509551,0.7,1.29,0,749,1
E02093,8537543,0.47,1.09,3,531,0
E02094,4015712,0.52,0.98,0,715,0
E02095,2291963,0.14,1.42,1,761,0
E02096,3893615,0.27,1.91,2,829,0
E02097,6407283,0.81,1.51,2,743,0
E02098,5318317,0.51,0.61,1,784,0
E02099,4587038,0.37,1.19,0,789,0
E02100,6120962,0.45,1.84,3,762,0
E02101,2058389,0.87,0.64,2,836,0
E02102,5282338,0.77,1.98,2,832,0
E02103,7236915,0.35,1.92,3,813,0
E02104,6098631,0.21,0.62,3,584,0
E02105,6383619,0.33,1.9,1,828,0
E02106,8194745,0.93,1.04,3,544,0
E02107,4867713,0.62,1.77,1,802,0
E02108,3693816,0.58,1.13,3,832,0
E02109,7379030,0.64,1.16,1,699,0
E02110,7342241,0.43,1.45,3,700,0
E02111,6116583,0.83,1.66,2,828,1
E02112,4679257,0.57,0.55,3,667,0
E02113,5002759,0.21,1.39,0,739,0
E02114,2446454,0.22,0.78,0,785,0
E02115,7225893,0.58,1.02,1,689,0
E02116,7155302,0.94,1.02,1,570,0
E02117,2376634,0.38,1.2,1,644,0
E02118,6735264,0.88,1.0,2,708,0
E02119,5808203,0.79,0.66,1,707,0
E02120,2956051,0.32,0.72,1,721,0
E02121,2587999,0.13,0.55,3,786,0
E02122,5746986,0.19,1.21,1,662,0
E02123,4204591,0.76,1.93,2,571,0
E02124,8639897,0.28,0.67,3,739,0
E02125,6905196,0.43,1.92,2,626,0
E02126,5947386,0.55,1.6,1,584,0
E02127,6046158,0.75,1.46,0,514,1
E02128,7661734,0.2,1.47,4,747,0
E02129,6693036,0.47,1.74,1,811,0
E02130,5999532,0.54,0.66,0,782,0
E02131,3039477,0.59,1.26,2,501,0
E02132,11123893,0.84,1.55,1,573,1
E02133,2793634,0.25,1.38,3,563,0
E02134,4374914,0.83,1.75,1,760,1
E02135,1690543,0.72,0.61,1,846,1
E02136,6077596,0.6,1.54,0,823,0
E02137,5302220,0.73,1.3,1,738,0
E02138,6530552,0.47,1.07,0,836,0
E02139,1521868,0.22,1.01,2,840,0
E02140,7225811,0.7,1.43,1,778,0
E02141,3385129,0.57,1.84,1,700,0
E02142,4701989,0.68,1.24,1,792,0
E02143,6863142,0.4,1.74,2,785,0
E02144,5522533,0.92,1.1,1,720,0
E02145,5663885,0.63,0.65,1,661,0
E02146,6598357,0.18,0.59,1,682,0
E02147,5857581,0.5,0.58,2,764,0
E02148,4317784,0.78,1.07,0,631,0
E02149,4667061,0.81,1.01,3,821,0
E02150,5423757,0.55,1.58,1,619,0
E02151,3208887,0.91,1.61,1,718,0
E02152,6992017,0.34,0.58,1,659,0
E02153,5577307,0.47,0.83,3,799,0
E02154,5149552,0.91,0.91,3,608,0
E02155,7384993,0.91,1.32,0,737,0
E02156,4759772,0.72,0.72,0,792,0
E02157,4635158,0.87,0.7,2,566,0
E02158,4030742,0.18,1.92,3,815,0
E02159,5686134,0.88,1.71,1,686,0
E02160,5616900,0.39,0.77,0,535,0
E02161,3667431,0.26,1.11,0,548,0
E02162,4644612,0.32,1.03,1,755,0
E02163,3680795,0.48,1.69,0,606,0
E02164,3590263,0.33,1.27,0,507,1
E02165,1540204,0.39,0.69,0,735,0
E02166,4538179,0.22,1.61,2,677,0
E02167,1595573,0.37,1.1,1,741,0
E02168,4074368,0.62,0.89,0,540,1
E02169,3774610,0.5,1.06,1,744,0
E02170,7103790,0.41,1.25,4,612,0
E02171,2970130,0.77,1.01,1,755,1
E02172,3477627,0.9,0.86,1,665,0
E02173,4236951,0.78,1.1,2,841,0
E02174,3839712,0.4,0.53,1,577,0
E02175,7738509,0.77,1.66,3,706,0
E02176,2722865,0.24,0.76,0,810,0
E02177,4241191,0.22,0.57,1,695,0
E02178,5664130,0.41,1.48,0,820,0
E02179,6762366,0.83,1.66,2,563,1
E02180,4239516,0.32,1.72,0,639,0
E02181,1163800,0.16,1.24,1,541,0
E02182,4699791,0.22,0.81,2,805,0
E02183,7704056,0.87,1.61,0,708,1
E02184,5564374,0.67,1.55,0,803,0
E02185,5472835,0.33,0.87,2,572,0
E02186,2873964,0.6,1.86,0,652,0
E02187,2668656,0.57,0.66,0,634,1
E02188,5036083,0.69,1.97,2,763,0
E02189,2147242,0.31,1.79,3,715,0
E02190,6562724,0.88,1.53,0,708,0
E02191,3306707,0.38,1.91,0,703,0
E02192,4950685,0.72,1.58,3,609,0
E02193,1228466,0.11,0.79,1,530,1
E02194,4212396,0.44,1.16,1,511,0
E02195,2628278,0.42,0.61,0,626,0
E02196,356087,0.59,1.08,1,812,0
E02197,6083684,0.17,1.61,1,693,0
E02198,8282319,0.81,1.08,3,639,0
E02199,7258947,0.3,1.0,4,526,1
E02200,6363381,0.71,1.39,1,545,0
E02201,4171757,0.82,1.81,3,634,0
E02202,6611780,0.61,0.57,1,816,0
E02203,7447706,0.77,1.08,1,557,1
E02204,5273643,0.7,0.74,1,512,1
E02205,2631279,0.42,1.54,2,599,0
E02206,4001231,0.83,0.66,0,548,0
E02207,8405392,0.37,1.5,1,790,0
E02208,4850511,0.61,0.93,2,593,0
E02209,100000,0.77,0.8,1,594,0
E02210,2062153,0.44,1.9,3,644,0
E02211,4151102,0.37,0.53,1,571,0
E02212,7071650,0.51,1.16,2,509,0
E02213,4453755,0.84,0.53,1,661,0
E02214,7108863,0.94,1.23,0,713,0
E02215,3947675,0.59,1.25,0,503,0
E02216,1071414,0.7,0.98,1,723,0
E02217,4016877,0.91,0.7,1,528,1
E02218,5689890,0.19,1.06,0,801,0
E02219,5523900,0.31,1.51,1,702,0
E02220,2489784,0.74,1.67,2,576,0
E02221,4297607,0.84,1.3,1,558,0
E02222,10369348,0.87,1.38,3,695,0
E02223,2533462,0.47,0.8,3,821,0
E02224,6321446,0.18,0.93,0,606,0
E02225,806648,0.49,0.74,1,841,0
E02226,6727583,0.31,0.87,1,508,1
E02227,3215349,0.36,0.84,0,519,0
E02228,5804176,0.8,1.28,0,648,0
E02229,2416948,0.17,1.34,1,516,0
E02230,5581705,0.84,1.92,0,511,1
E02231,3182699,0.48,0.79,2,581,0
E02232,3569903,0.64,1.46,1,566,0
E02233,5883972,0.18,1.73,2,632,0
E02234,4139229,0.4,1.34,5,552,0
E02235,5760762,0.18,0.88,1,705,1
E02236,4618317,0.97,0.89,1,732,0
E02237,5134987,0.83,0.56,2,553,0
E02238,5890172,0.51,0.96,0,567,0
E02239,4299963,0.3,1.62,2,790,0
E02240,3007900,0.94,0.57,1,843,0
E02241,3935375,0.41,0.83,1,668,0
E02242,7390278,0.24,1.56,1,660,0
E02243,5232346,0.61,1.67,1,514,0
E02244,3310203,0.95,1.18,1,690,0
E02245,5803121,0.1,1.55,1,514,0
E02246,5936631,0.31,1.08,1,786,0
E02247,6039998,0.94,0.74,3,509,1
E02248,3044325,0.25,1.1,1,556,0
E02249,3635218,0.2,1.37,0,698,0
E02250,3646341,0.61,1.92,3,660,0
E02251,4278704,0.88,0.6,0,762,0
E02252,6077838,0.53,1.26,3,752,0
E02253,5592369,1.0,0.99,2,618,1
E02254,5750433,0.71,1.26,1,579,1
E02255,7708038,0.17,0.54,2,623,0
E02256,6377781,0.99,0.97,4,812,1
E02257,4716396,0.47,1.73,1,571,0
E02258,2632229,0.36,1.33,0,667,0
E02259,3570905,0.6,1.18,4,783,0
E02260,4476589,0.37,0.93,2,535,0
E02261,6658259,0.18,0.95,3,811,0
E02262,4945336,0.1,1.07,3,674,0
E02263,3687608,0.5,1.75,4,698,0
E02264,3534214,0.85,1.95,0,615,1
E02265,4860843,0.62,1.16,1,814,0
E02266,6779975,1.0,1.09,1,719,0
E02267,8182038,0.36,1.77,1,565,1
E02268,4588462,0.35,1.14,1,764,0
E02269,4910513,0.24,1.33,0,633,0
E02270,2572116,0.25,0.85,1,618,0
E02271,8878385,0.36,1.62,1,621,0
E02272,2197994,0.81,1.3,5,820,0
E02273,7343324,0.92,1.71,1,586,1
E02274,4269328,0.98,1.67,2,788,1
E02275,3801267,0.31,0.82,2,636,0
E02276,2779992,0.89,1.57,2,552,0
E02277,9820097,0.4,1.7,3,704,0
E02278,5442983,0.2,1.02,2,847,0
E02279,5042560,0.88,0.76,1,550,0
E02280,6773464,0.67,0.5,1,826,0
E02281,3698334,0.25,1.18,2,539,0
E02282,5003691,0.49,1.03,1,749,0
E02283,5112672,0.36,1.33,3,717,0
E02284,3975708,0.76,0.78,4,678,1
E02285,7399276,0.51,1.79,2,538,0
E02286,4562691,0.99,0.89,1,682,0
E02287,1893735,0.15,0.84,0,723,0
E02288,4397005,0.42,1.22,1,663,0
E02289,5498357,0.53,1.25,1,733,0
E02290,3213013,0.55,0.82,0,692,0
E02291,3370810,0.38,0.91,0,584,1
E02292,3907481,0.76,0.75,0,742,0
E02293,7442471,0.89,1.58,1,672,0
E02294,4025683,0.94,1.66,3,536,1
E02295,7858234,0.82,1.19,1,586,0
E02296,3770099,0.87,1.57,1,628,1
E02297,5650028,0.6,1.6,1,693,0
E02298,4107514,0.84,0.71,2,818,0
E02299,6508166,0.37,1.95,5,542,0
E02300,2763451,0.46,1.73,2,658,0
E02301,6485718,0.39,0.81,3,604,0
E02302,5227738,0.52,0.78,3,728,0
E02303,3720016,0.36,0.69,1,716,0
E02304,4667557,0.97,0.71,2,763,0
E02305,8067709,0.38,1.62,1,548,0
E02306,5275689,0.19,1.2,0,622,0
E02307,3594543,0.57,1.67,1,802,0
E02308,2590613,0.15,1.62,5,524,0
E02309,6010808,0.2,1.41,1,630,0
E02310,5391690,0.3,1.53,2,723,0
E02311,6390041,0.52,0.53,1,598,1
E02312,2075550,0.49,0.97,2,789,0
E02313,2655479,0.82,1.46,5,696,1
E02314,7293758,0.77,0.51,0,608,0
E02315,5662683,0.48,0.55,1,847,0
E02316,6066801,0.4,1.78,2,719,0
E02317,3074625,0.38,1.53,1,763,0
E02318,3038025,0.8,0.9,3,707,0
E02319,6982517,0.15,1.53,2,818,0
E02320,7076755,0.11,1.69,4,581,1
E02321,2823361,0.82,0.96,2,524,0
E02322,2441259,0.53,0.55,0,685,0
E02323,4782814,0.22,1.9,1,507,0
E02324,3401303,0.31,1.02,2,623,0
E02325,3359646,0.94,0.66,1,648,1
E02326,2497243,0.87,1.24,3,597,0
E02327,4063132,0.74,1.65,1,715,0
E02328,2690610,0.53,0.83,4,600,0
E02329,2809198,0.57,0.9,2,717,0
E02330,5596783,0.98,0.86,0,758,0
E02331,4889603,0.97,1.99,3,510,1
E02332,5969757,0.29,0.8,0,558,0
E02333,1701933,0.83,1.36,1,749,0
E02334,5019761,0.28,1.89,3,639,0
E02335,9151275,0.29,0.72,0,834,0
E02336,4255455,0.71,1.96,4,537,0
E02337,6649498,0.46,1.92,0,621,0
E02338,6632013,0.94,1.83,4,564,1
E02339,6730397,0.18,0.82,2,645,0
E02340,5333323,0.56,1.45,2,801,0
E02341,6132171,0.93,1.64,2,624,0
E02342,6398027,0.91,1.98,1,811,0
E02343,6270892,0.24,0.77,1,690,0
E02344,2765163,0.43,1.65,0,762,0
E02345,1585231,0.66,1.01,4,795,0
E02346,1892832,0.24,0.76,1,681,0
E02347,4459680,0.97,1.13,0,658,0
E02348,6187853,0.92,1.69,1,807,0
E02349,2791177,0.25,1.2,1,786,0
E02350,6847940,0.21,1.31,1,661,0
E02351,3995449,0.18,1.99,0,762,0
E02352,4014489,0.92,1.1,1,716,1
E02353,3327786,0.27,1.42,2,680,0
E02354,1230427,0.47,1.05,3,590,0
E02355,5458628,0.5,1.09,1,516,1
E02356,8425335,0.64,1.54,0,624,0
E02357,4874670,0.16,1.91,2,759,0
E02358,1298736,0.3,1.31,2,713,0
E02359,6560685,0.94,1.65,1,738,0
E02360,1750404,0.92,0.63,0,679,1
E02361,2581931,0.8,0.82,1,671,0
E02362,4523323,0.12,1.25,2,642,0
E02363,5245686,0.39,0.53,0,816,0
E02364,2982671,0.67,0.88,4,743,0
E02365,4445367,0.35,1.28,0,731,0
E02366,6430324,0.92,0.52,4,671,0
E02367,6704357,0.67,0.9,3,776,0
E02368,7502912,0.16,1.27,1,576,0
E02369,8818837,0.92,1.36,0,802,1
E02370,6619778,0.96,1.89,1,830,0
E02371,4566526,0.17,1.47,1,548,0
E02372,6718627,0.58,1.12,3,747,0
E02373,5933432,0.37,1.9,3,782,0
E02374,6012733,0.45,1.68,0,786,0
E02375,5354437,0.26,0.8,1,531,0
E02376,3175891,0.62,0.7,2,657,0
E02377,2943807,0.96,1.51,1,517,1
E02378,4805763,0.55,1.34,3,562,0
E02379,5297820,0.17,1.68,2,627,0
E02380,3641118,0.66,1.61,2,515,0
E02381,5846683,0.41,1.44,0,662,0
E02382,9161531,0.87,1.98,1,750,0
E02383,1511338,0.49,1.3,2,636,0
E02384,6164488,0.27,0.67,1,817,0
E02385,4868050,0.27,1.74,1,794,0
E02386,5901311,0.79,0.88,1,678,0
E02387,4138570,0.34,1.67,6,728,0
E02388,4707880,0.79,1.94,0,679,0
E02389,5259000,0.29,1.55,0,571,0
E02390,4396732,0.39,1.39,2,817,0
E02391,1958917,0.52,1.19,5,582,0
E02392,4532169,0.95,1.05,1,635,0
E02393,2167132,0.94,1.03,1,717,1
E02394,6306386,0.29,1.45,3,608,0
E02395,1268909,0.42,1.63,1,618,0
E02396,7057308,0.23,1.52,0,517,0
E02397,5859126,0.56,0.8,1,831,0
E02398,5866777,0.51,1.24,0,653,0
E02399,671380,0.91,1.69,1,510,1
E02400,4342801,0.94,1.21,3,637,0
E02401,7307126,0.45,1.3,1,561,0
E02402,3962784,0.54,1.66,2,570,0
E02403,2843875,0.91,1.49,2,560,0
E02404,3726659,0.83,1.11,2,631,0
E02405,4863444,0.1,1.84,1,560,0
E02406,3297259,0.39,0.74,2,768,0
E02407,7467634,0.48,1.99,1,511,1
E02408,4870664,0.31,0.68,0,534,1
E02409,3888861,0.28,0.52,0,550,0
E02410,2397312,0.13,1.84,3,542,0
E02411,5968893,0.68,0.87,2,727,0
E02412,5923332,0.34,1.59,1,610,0
E02413,3415582,0.15,1.72,0,821,0
E02414,527341,0.31,1.79,2,514,0
E02415,5821524,0.82,1.99,1,676,0
E02416,4626393,0.87,0.94,1,661,0
E02417,5672142,0.53,1.57,1,538,1
E02418,8914349,0.47,0.67,2,525,0
E02419,4946336,0.98,1.11,3,611,1
E02420,3972322,0.28,1.77,3,550,0
E02421,2705356,0.29,1.05,0,597,0
E02422,4375156,0.36,1.39,2,669,0
E02423,5321154,0.26,1.26,3,555,0
E02424,5106614,0.44,1.47,3,720,0
E02425,8446930,0.92,1.96,2,824,0
E02426,5998171,0.65,0.58,1,645,0
E02427,4730398,0.47,1.36,2,759,0
E02428,3586878,0.94,1.79,2,628,0
E02429,5533345,0.14,1.22,1,549,1
E02430,3185983,0.29,0.62,1,839,0
E02431,5359662,0.61,1.34,1,825,0
E02432,5974827,0.65,1.0,3,519,1
E02433,4567095,0.14,0.73,1,673,0
E02434,3739427,0.46,1.77,0,782,0
E02435,629406,0.68,1.28,1,525,0
E02436,7287673,0.73,1.9,5,659,0
E02437,5806600,0.67,1.71,0,509,0
E02438,5855234,0.39,1.54,0,581,1
E02439,1877295,0.18,0.51,1,755,0
E02440,7759677,0.48,1.14,3,604,0
E02441,4069566,0.22,0.8,1,639,0
E02442,4422409,0.95,1.87,1,701,0
E02443,2861426,0.53,0.76,1,843,0
E02444,1426108,0.39,0.93,0,523,1
E02445,7314692,0.79,1.28,1,545,0
E02446,7573194,0.55,0.9,1,716,0
E02447,4668943,0.38,0.81,1,554,1
E02448,3641230,0.83,1.4,1,577,0
E02449,4245911,0.88,0.63,1,658,1
E02450,4300770,0.71,0.59,0,843,0
E02451,2600280,0.14,1.06,1,771,0
E02452,4415489,0.61,1.58,1,647,0
E02453,5306203,0.79,1.33,1,537,0
E02454,7036314,0.22,1.13,1,610,0
E02455,5028488,0.31,1.35,4,514,0
E02456,1847296,0.89,1.05,0,577,0
E02457,5707095,0.12,1.9,0,575,0
E02458,4488138,0.78,0.58,1,827,0
E02459,7740819,0.53,1.51,0,774,0
E02460,7858915,0.5,1.84,1,696,0
E02461,7928908,0.11,1.71,0,718,0
E02462,3876824,0.84,0.78,2,562,1
E02463,8979710,0.42,0.94,2,531,1
E02464,5701885,0.59,1.58,1,732,0
E02465,8252760,0.71,0.63,1,609,1
E02466,3994760,0.73,1.72,0,664,0
E02467,4402806,0.96,1.58,0,693,0
E02468,5548054,0.58,1.59,3,506,0
E02469,5303755,0.46,0.65,3,638,0
E02470,7509623,0.96,1.58,1,842,1
E02471,4535741,0.68,1.52,0,786,0
E02472,7329229,0.37,1.75,3,800,0
E02473,6464469,0.21,0.56,2,555,1
E02474,4573215,0.86,0.53,0,659,0
E02475,6309353,0.43,1.06,3,648,0
E02476,4053469,0.69,0.72,0,786,0
E02477,9700411,0.52,1.34,2,756,0
E02478,100000,0.28,1.88,2,638,0
E02479,6345886,0.64,1.09,0,848,0
E02480,1470808,0.15,1.77,2,823,0
E02481,4548686,0.47,0.5,3,791,0
E02482,4828783,0.59,0.75,1,834,1
E02483,8015267,0.49,0.55,0,686,0
E02484,3615695,0.77,0.99,1,822,0
E02485,7616023,0.85,1.86,3,683,1
E02486,2642366,0.79,0.65,3,806,1
E02487,7693339,0.13,1.41,5,761,0
E02488,4051309,0.27,1.18,2,809,0
E02489,5146869,0.58,1.91,1,843,0
E02490,4327242,0.94,0.68,2,644,0
E02491,7564726,0.85,0.82,3,760,0
E02492,7175479,0.86,0.54,2,501,0
E02493,5887003,0.37,1.15,2,813,0
E02494,2696263,0.49,0.92,1,511,1
E02495,3569956,0.52,1.8,1,760,0
E02496,2942846,0.24,1.41,1,668,0
E02497,503714,0.13,1.42,3,647,0
E02498,7522636,0.95,1.3,0,699,0
E02499,4344352,0.32,0.64,0,811,0
E02500,4323012,0.32,1.17,3,569,0
E02501,7992204,0.18,2.0,3,811,0
E02502,4048022,0.94,1.75,3,553,0
E02503,3319058,0.62,1.84,1,758,0
E02504,4550508,0.7,1.73,1,527,1
E02505,2734661,0.92,0.65,0,619,0
E02506,5688711,0.41,0.84,1,632,0
E02507,4252675,0.66,0.5,0,589,1
E02508,3985457,0.13,0.96,1,515,1
E02509,3812193,0.27,0.66,3,786,0
E02510,4787557,0.85,1.21,3,783,0
E02511,5166962,0.79,1.52,2,729,0
E02512,3960049,0.42,1.81,0,636,0
E02513,4282468,0.44,1.62,2,794,0
E02514,4836954,0.58,1.91,1,726,0
E02515,4635163,0.1,0.58,1,526,0
E02516,5062151,0.32,0.52,2,831,0
E02517,3646658,0.29,1.49,2,616,0
E02518,7009185,0.33,0.93,3,588,0
E02519,5193656,0.83,0.88,0,606,0
E02520,3992306,0.35,1.0,1,720,0
E02521,5688768,0.27,0.9,0,722,0
E02522,4851262,0.55,1.27,3,621,0
E02523,1532347,0.88,1.16,1,532,0
E02524,5681905,0.32,1.27,0,590,0
E02525,2960987,0.17,1.51,0,683,0
E02526,6868855,0.42,1.08,1,757,0
E02527,4516500,0.77,0.88,2,512,1
E02528,6560140,0.6,0.75,0,523,0
E02529,3739562,0.84,1.02,3,824,0
E02530,5139858,0.96,1.61,1,533,1
E02531,7420487,0.81,1.64,3,746,0
E02532,4461966,0.64,1.5,1,842,0
E02533,3818365,0.54,0.85,0,518,0
E02534,6310081,0.14,1.38,3,529,0
E02535,6271323,0.99,1.36,2,548,0
E02536,3902501,0.45,1.23,1,679,0
E02537,1029077,0.24,1.32,2,725,0
E02538,3779954,0.7,1.24,2,577,1
E02539,6354719,0.36,1.35,3,706,0
E02540,3449931,0.63,1.57,1,534,0
E02541,4978124,0.63,0.66,1,749,0
E02542,3685030,0.5,1.62,0,570,0
E02543,1135665,0.85,0.7,2,809,0
E02544,3649037,0.34,0.6,4,778,0
E02545,6346264,0.5,1.96,1,651,0
E02546,259495,0.58,1.94,3,726,0
E02547,5504334,0.7,0.59,1,742,0
E02548,2627861,0.81,1.16,1,509,0
E02549,6216884,0.46,0.78,2,816,0
E02550,6428637,0.68,1.23,2,547,0
E02551,4656104,0.24,1.75,0,611,0
E02552,4660663,0.94,1.93,3,703,0
E02553,3387274,0.44,1.45,1,656,0
E02554,2308833,0.76,1.03,3,842,0
E02555,8396185,0.12,1.4,3,525,0
E02556,3269857,0.28,0.97,2,807,0
E02557,8135592,0.54,1.86,2,665,0
E02558,3280999,0.89,1.81,1,748,0
E02559,6050380,0.57,1.34,2,761,0
E02560,2724385,0.94,0.99,2,763,0
E02561,6046790,0.54,0.94,2,516,0
E02562,4348825,0.54,0.55,1,575,0
E02563,4374967,0.21,1.72,1,753,0
E02564,6220046,0.82,1.18,2,705,0
E02565,4061717,0.32,0.99,1,533,0
E02566,2143703,0.91,1.21,4,646,0
E02567,6522611,0.92,1.73,2,825,0
E02568,2708198,0.95,0.69,3,837,0
E02569,6033034,0.57,1.79,1,727,0
E02570,6945993,0.71,1.85,0,617,1
E02571,4249012,0.8,1.92,2,664,0
E02572,7364705,0.22,1.1,1,537,0
E02573,5963567,0.64,0.83,3,795,0
E02574,3608277,0.13,1.06,3,636,0
E02575,7802858,0.55,1.0,0,808,0
E02576,2716656,0.24,0.76,0,745,0
E02577,4246599,0.26,1.41,0,697,0
E02578,4587370,0.43,1.21,5,565,0
E02579,6210447,0.49,1.8,4,579,0
E02580,7230866,0.66,0.55,3,551,1
E02581,7105583,0.17,1.47,1,628,0
E02582,5447496,0.55,1.64,1,500,0
E02583,4439461,0.26,1.64,2,666,0
E02584,1348031,0.62,1.83,1,515,0
E02585,2371708,0.67,1.59,0,644,0
E02586,8533310,0.6,1.89,1,611,0
E02587,1327856,0.76,1.0,1,601,1
E02588,3431018,0.4,1.25,0,581,0
E02589,7289212,0.79,0.52,2,598,0
E02590,5419426,0.49,0.51,3,658,0
E02591,6856090,0.54,0.86,2,539,0
E02592,6085656,0.68,0.65,6,654,0
E02593,7939165,0.12,0.89,2,535,0
E02594,5590854,0.69,0.77,2,746,0
E02595,6326895,0.66,0.54,5,503,0
E02596,3551506,0.38,1.86,2,780,0
E02597,6172665,0.18,0.51,1,833,0
E02598,4207747,0.18,1.6,1,748,0
E02599,4093788,0.93,0.73,2,511,0
E02600,6789447,0.72,1.87,0,782,0
E02601,6803246,0.21,1.84,3,715,0
E02602,8376884,0.42,1.48,3,818,0
E02603,8246526,0.63,1.51,1,810,0
E02604,6834630,0.85,0.51,1,581,0
E02605,1559108,0.14,1.98,3,513,0
E02606,8655361,0.31,1.82,3,555,0
E02607,6835935,0.9,1.84,1,841,0
E02608,3468279,0.11,1.49,1,781,0
E02609,6457818,0.28,1.02,3,698,0
E02610,2925468,0.96,1.84,3,847,0
E02611,6237260,0.65,0.94,0,665,0
E02612,2367459,0.34,1.34,1,791,0
E02613,3383563,0.16,0.65,3,645,0
E02614,6419858,0.13,1.88,1,577,0
E02615,7145773,0.32,0.71,3,611,0
E02616,5650873,0.89,0.84,0,522,0
E02617,4427662,0.47,1.34,1,615,0
E02618,770267,0.75,1.65,3,641,1
E02619,4581957,0.93,1.43,0,696,0
E02620,6066970,0.47,0.85,3,777,0
E02621,4366469,0.27,0.5,0,527,0
E02622,4954844,0.57,1.64,1,798,0
E02623,4628765,0.92,1.98,2,575,0
E02624,4356587,0.82,1.71,0,517,0
E02625,5151754,0.16,1.19,0,599,0
E02626,4454610,0.72,1.86,0,623,0
E02627,7886579,0.61,1.11,1,791,0
E02628,587162,0.92,1.29,2,624,1
E02629,3908314,0.21,1.22,1,506,1
E02630,3259487,0.58,1.17,1,522,1
E02631,5438221,0.89,1.66,0,661,0
E02632,5154289,0.47,1.29,0,616,0
E02633,8244386,0.53,0.98,2,520,0
E02634,8902284,0.16,0.89,2,751,0
E02635,3453833,0.35,0.56,4,825,0
E02636,5001000,0.39,1.37,0,808,0
E02637,5392608,0.95,0.84,5,583,1
E02638,3404372,0.35,0.72,3,540,0
E02639,6256764,0.51,1.48,2,702,0
E02640,4520985,0.7,1.52,3,627,0
E02641,2864730,0.25,1.63,1,641,0
E02642,4440863,0.54,1.26,1,843,0
E02643,3004650,0.76,1.84,2,602,0
E02644,7073293,0.88,1.9,3,606,1
E02645,8803118,0.66,1.71,1,516,0
E02646,5489638,0.7,1.45,2,524,0
E02647,5222553,0.21,0.96,2,563,0
E02648,5304869,0.95,1.97,1,841,0
E02649,7364468,0.22,0.91,3,736,0
E02650,7321398,0.8,0.8,3,675,1
E02651,4768692,0.34,1.16,3,790,0
E02652,5505179,0.94,0.59,5,792,0
E02653,6305292,0.75,1.97,2,810,0
E02654,2724625,0.78,1.38,0,655,0
E02655,7425216,0.3,1.34,2,552,0
E02656,8469663,0.5,1.48,1,572,0
E02657,7330064,0.66,1.25,0,682,0
E02658,2508812,0.79,0.55,2,688,0
E02659,1059999,0.19,1.42,2,512,0
E02660,6417437,0.97,1.57,2,546,0
E02661,3479621,0.9,1.13,3,659,0
E02662,5574266,0.34,1.64,0,783,0
E02663,8070297,0.84,0.84,3,552,0
E02664,3686089,0.57,0.83,0,786,0
E02665,4244890,0.52,0.74,1,507,0
E02666,5553445,0.38,1.06,3,571,0
E02667,2404980,0.62,1.77,0,597,0
E02668,3484287,0.76,1.74,1,586,0
E02669,5049715,0.47,1.07,0,829,0
E02670,4399090,0.67,1.38,0,600,0
E02671,6216815,0.73,1.58,1,780,0
E02672,10531959,0.74,0.86,3,788,0
E02673,5198276,0.15,0.75,1,736,0
E02674,3316576,0.87,1.96,1,695,0
E02675,7836480,0.51,1.43,4,596,1
E02676,1822363,0.34,1.97,2,595,0
E02677,2222183,0.32,1.01,1,760,0
E02678,3809793,0.53,1.55,1,620,0
E02679,4434226,0.9,0.83,0,772,1
E02680,3761854,0.44,0.89,3,831,0
E02681,4936975,0.77,1.27,1,551,1
E02682,5549483,0.19,0.98,4,817,0
E02683,7137919,0.53,0.75,2,662,0
E02684,5182376,0.99,0.89,2,689,1
E02685,3876107,0.79,0.55,3,776,1
E02686,7029290,0.29,1.56,1,584,1
E02687,3364569,0.55,1.24,3,693,0
E02688,1734794,0.31,0.64,0,680,0
E02689,7411912,0.47,0.76,6,520,0
E02690,7283706,0.8,0.65,3,702,0
E02691,3415403,0.79,1.42,0,701,1
E02692,4201802,0.31,0.64,1,650,0
E02693,3166144,0.93,1.63,1,658,0
E02694,5653248,0.63,0.53,1,809,0
E02695,8464098,0.44,0.87,2,525,0
E02696,6405763,0.55,1.84,0,808,0
E02697,7071449,0.64,1.58,1,565,0
E02698,6639456,0.6,0.61,2,762,0
E02699,4999761,0.54,1.73,1,666,0
E02700,7166680,0.55,1.24,5,787,0
E02701,6490061,0.26,1.77,4,653,0
E02702,7878891,0.83,1.4,2,842,0
E02703,4080902,0.59,1.52,1,705,0
E02704,1523776,0.22,1.99,3,652,0
E02705,7090502,0.79,0.85,2,683,1
E02706,5699539,0.94,1.44,2,658,0
E02707,4407907,0.95,1.19,2,693,1
E02708,4519694,0.43,0.56,6,501,0
E02709,10109372,0.22,0.52,1,714,0
E02710,3715610,0.57,0.68,0,674,0
E02711,3293393,0.2,1.47,0,574,0
E02712,5170568,0.94,1.35,0,784,1
E02713,7360981,0.27,1.33,2,626,0
E02714,9556803,0.33,0.55,4,548,0
E02715,6314729,0.47,1.2,1,531,0
E02716,2459182,0.44,1.89,0,657,0
E02717,8941728,0.82,1.1,2,514,1
E02718,4961062,0.51,1.44,0,817,0
E02719,3324581,0.25,1.67,0,833,0
E02720,2841215,0.34,1.68,2,742,0
E02721,6672657,0.56,1.28,0,516,0
E02722,5477658,0.23,1.79,1,521,0
E02723,5690150,0.65,1.09,1,743,0
E02724,7573006,0.61,1.83,3,580,0
E02725,3395690,0.74,0.86,1,643,0
E02726,7732309,0.94,0.92,2,507,0
E02727,3961685,0.92,0.58,3,666,1
E02728,9328014,0.95,1.69,1,786,0
E02729,6197478,0.32,1.13,2,767,0
E02730,3159522,0.22,0.84,2,788,0
E02731,949163,0.37,0.85,0,685,0
E02732,6617849,0.91,1.85,4,511,0
E02733,4251639,0.97,1.75,3,780,0
E02734,4688868,0.87,1.33,3,803,0
E02735,6532392,0.2,1.42,2,582,0
E02736,7020827,0.95,1.21,3,554,0
E02737,7447420,0.48,1.09,1,630,0
E02738,2650317,0.11,1.87,1,624,0
E02739,7851789,0.5,0.69,1,824,0
E02740,3841909,0.14,1.13,3,550,0
E02741,487500,0.59,1.02,2,526,0
E02742,2643119,0.4,1.25,2,664,0
E02743,5436050,0.53,1.19,4,780,0
E02744,3042371,0.65,1.28,3,532,0
E02745,4823911,0.88,0.71,1,561,1
E02746,5676504,0.7,1.27,1,644,0
E02747,4637229,0.49,0.86,2,670,0
E02748,4011291,0.84,0.78,1,785,0
E02749,2498607,0.92,0.6,1,796,1
E02750,5043887,0.21,1.64,1,616,0
E02751,870085,0.58,1.14,0,503,0
E02752,3628003,0.36,1.44,1,565,0
E02753,3144431,0.14,1.59,2,559,0
E02754,4521246,0.7,1.52,2,786,0
E02755,4573340,0.88,1.21,2,844,0
E02756,6919913,0.25,1.08,1,728,0
E02757,8166954,0.83,1.06,4,599,0
E02758,2764442,0.87,1.46,2,618,1
E02759,8985665,0.92,1.24,1,568,0
E02760,3441408,0.34,1.77,0,651,0
E02761,5345053,0.91,1.81,1,779,0
E02762,6021725,0.39,0.76,0,720,1
E02763,9889165,0.6,0.7,1,722,0
E02764,3915435,0.15,1.45,1,664,0
E02765,1406523,0.14,0.95,3,710,0
E02766,7980758,0.75,0.53,2,778,0
E02767,3333252,0.5,1.83,2,562,0
E02768,4276822,0.33,0.84,0,761,0
E02769,2764500,0.27,1.89,1,505,0
E02770,4282592,0.7,1.58,2,747,1
E02771,3319216,0.1,1.64,1,728,0
E02772,6352883,0.83,0.8,1,785,1
E02773,5161583,0.17,0.85,1,756,0
E02774,3637889,0.27,1.28,1,562,0
E02775,6991743,0.45,0.76,1,527,0
E02776,5509993,0.54,0.96,1,844,1
E02777,1307903,0.42,0.98,0,552,1
E02778,6839406,0.39,0.74,3,751,0
E02779,5369735,0.97,0.81,2,537,1
E02780,7781464,0.68,1.68,2,807,0
E02781,5247834,0.12,0.75,3,833,0
E02782,3416581,0.49,0.54,1,638,0
E02783,4591409,0.89,1.44,1,552,0
E02784,6607838,0.37,1.96,3,593,0
E02785,3458525,0.19,1.0,1,593,0
E02786,4119406,0.78,0.68,5,762,0
E02787,4556622,0.65,1.36,0,822,0
E02788,2701256,0.61,1.86,1,636,0
E02789,3487353,0.15,1.68,1,755,0
E02790,5345100,0.23,1.43,2,536,0
E02791,7404955,0.66,0.97,2,641,0
E02792,5634293,0.29,1.31,1,646,0
E02793,4908277,0.55,0.64,1,507,1
E02794,3337458,0.59,1.52,3,750,0
E02795,7190320,0.36,1.59,1,634,0
E02796,5867010,0.95,1.95,5,558,0
E02797,3586540,0.86,0.89,1,622,1
E02798,6797296,0.75,0.53,3,762,0
E02799,6119154,0.17,1.32,3,619,0
E02800,3372939,0.2,1.56,1,758,0
E02801,4797243,0.54,1.69,1,822,0
E02802,4014454,0.24,0.79,1,517,0
E02803,10267075,0.98,0.89,1,800,1
E02804,6063489,0.24,1.27,2,591,0
E02805,5373524,0.54,1.0,3,663,0
E02806,5945326,0.43,1.79,2,643,0
E02807,7758325,0.68,1.21,0,834,0
E02808,4833239,0.22,1.7,0,814,0
E02809,3820181,0.49,1.37,0,737,0
E02810,6688566,0.35,1.66,4,673,0
E02811,4650110,0.9,1.0,0,582,1
E02812,2860209,0.14,1.75,0,656,0
E02813,2470627,0.92,0.91,1,608,0
E02814,8058593,0.85,1.32,3,677,0
E02815,5263289,0.37,0.82,2,749,0
E02816,3820865,0.81,1.21,1,752,0
E02817,4531330,0.13,0.98,0,554,0
E02818,6614889,0.97,0.9,1,654,0
E02819,4413188,0.57,1.95,2,590,0
E02820,2101160,0.37,0.74,1,838,1
E02821,5651681,0.43,1.68,1,625,0
E02822,7416695,0.16,1.98,2,836,0
E02823,7282928,0.99,0.53,1,668,0
E02824,3881340,0.14,1.55,1,638,0
E02825,7538345,0.69,0.88,0,504,0
E02826,5425899,0.5,0.56,2,565,0
E02827,7482294,0.95,1.1,0,610,0
E02828,6147374,0.32,1.9,3,683,0
E02829,1956806,0.58,0.52,1,767,1
E02830,8493477,0.53,1.38,1,669,0
E02831,5103567,0.73,1.25,2,743,0
E02832,6153587,0.16,1.81,0,830,0
E02833,2311910,0.27,0.63,3,637,0
E02834,6010653,0.29,1.52,2,527,0
E02835,7205855,0.76,1.52,4,506,0
E02836,8870640,0.27,1.5,1,832,0
E02837,7800799,0.62,1.91,1,816,0
E02838,6108449,0.29,1.73,2,550,0
E02839,1911245,0.88,0.56,2,635,0
E02840,5264545,0.95,1.21,1,677,0
E02841,3814980,0.57,1.1,2,628,0
E02842,5469955,0.42,0.97,1,696,0
E02843,2567348,0.31,1.18,1,766,0
E02844,4579666,0.14,1.08,1,606,0
E02845,3965633,0.34,1.15,4,547,1
E02846,3903667,0.69,1.97,3,637,0
E02847,3923527,0.58,0.63,2,602,0
E02848,4728290,0.95,1.88,4,546,0
E02849,5572389,0.46,1.22,2,652,0
E02850,100000,0.72,1.44,3,505,0
E02851,247134,0.54,1.75,3,510,0
E02852,4322617,0.56,1.04,3,516,0
E02853,4604461,0.34,1.15,4,642,0
E02854,5378222,0.51,1.11,1,771,0
E02855,3544655,0.52,1.06,3,811,0
E02856,5018930,0.74,1.89,1,565,0
E02857,5253046,0.95,1.74,4,838,0
E02858,3530883,0.4,0.66,0,830,0
E02859,7026911,0.14,0.66,4,755,1
E02860,5353972,0.55,1.14,4,626,0
E02861,6093922,0.59,0.65,2,630,0
E02862,5137691,0.25,1.43,0,517,1
E02863,9207346,0.78,0.72,0,706,0
E02864,6192794,0.99,1.28,2,588,0
E02865,4024013,0.95,0.51,0,742,0
E02866,6641933,0.28,0.97,2,849,0
E02867,1724790,0.89,1.52,2,516,0
E02868,5239200,0.73,1.23,1,722,0
E02869,5638320,0.51,1.97,1,709,0
E02870,5262041,0.59,1.81,0,598,0
E02871,4332442,0.86,1.04,2,512,0
E02872,2975453,0.53,0.57,0,818,0
E02873,3421305,0.44,1.77,2,769,0
E02874,5204149,0.54,1.87,1,686,0
E02875,2772961,0.62,1.73,1,773,0
E02876,8540335,0.27,0.69,1,632,0
E02877,100000,0.91,2.0,1,513,0
E02878,4353124,0.71,0.89,1,780,0
E02879,5220779,0.67,1.59,2,543,1
E02880,6014841,0.19,1.86,2,794,0
E02881,3168150,0.64,0.85,2,603,0
E02882,7268589,0.21,1.86,0,561,0
E02883,2212337,0.17,0.96,4,552,0
E02884,3867742,0.57,1.96,3,808,0
E02885,6241495,0.46,0.92,2,617,0
E02886,7080377,0.63,1.93,2,820,0
E02887,2191997,0.18,0.58,0,630,0
E02888,10290073,0.49,1.56,0,798,0
E02889,3205016,0.26,1.3,2,805,0
E02890,2375635,0.99,1.22,1,698,0
E02891,6005429,0.61,0.84,0,535,0
E02892,4303413,0.72,1.56,2,778,0
E02893,4007895,0.39,0.79,3,715,0
E02894,6191288,0.19,1.33,1,573,0
E02895,1945408,0.98,0.88,1,805,0
E02896,1595731,0.36,1.93,1,554,1
E02897,3805153,0.48,0.54,1,511,0
E02898,7155803,0.68,0.8,2,582,1
E02899,3891889,0.12,0.86,3,531,1
E02900,8198313,0.83,1.12,2,585,0
E02901,7402029,0.58,0.85,1,731,1
E02902,5565892,0.35,1.24,2,774,0
E02903,5679447,0.16,1.81,2,700,0
E02904,5564005,0.25,1.57,0,550,0
E02905,5319435,0.91,1.37,1,819,0
E02906,4267516,0.72,0.63,3,755,0
E02907,4499624,0.32,1.54,2,740,0
E02908,2860079,0.16,0.75,3,704,0
E02909,579914,0.72,1.68,2,695,1
E02910,7208141,0.62,0.88,0,743,0
E02911,5314516,0.46,1.13,1,819,0
E02912,5012422,0.43,1.03,4,500,0
E02913,5796898,0.3,1.79,2,588,1
E02914,3343205,0.7,0.69,2,781,1
E02915,2997875,0.97,1.35,1,638,0
E02916,4432630,0.26,0.71,0,586,0
E02917,7736196,0.64,1.56,3,501,0
E02918,2662517,0.48,1.86,1,848,0
E02919,100000,0.5,1.15,1,667,0
E02920,3957197,0.33,1.23,2,618,0
E02921,7285399,0.84,1.89,0,579,0
E02922,1534911,0.54,1.28,3,610,0
E02923,2639432,0.59,1.23,0,664,0
E02924,5527093,0.37,1.37,2,718,0
E02925,10139814,0.26,1.53,1,504,0
E02926,2283576,0.18,0.66,2,714,0
E02927,2206131,0.74,1.73,2,694,0
E02928,5677396,0.28,1.15,1,781,0
E02929,7409348,0.72,0.61,0,505,0
E02930,3751802,0.45,1.68,2,799,0
E02931,1757211,0.47,1.07,0,557,1
E02932,5867498,0.52,0.65,2,836,0
E02933,6229682,0.43,1.45,2,801,0
E02934,8557310,0.19,1.82,2,601,0
